{
  "credit": "Made_by_MelchMwoan_in_name_of_MKModels.eu",
  "elements": [
    {
      "from": [
        5,
        -0.07071,
        4.1
      ],
      "to": [
        9,
        10.30334,
        10.90702
      ],
      "faces": {
        "east": {
          "uv": [
            6.5,
            6.5,
            6.7,
            6.7
          ],
          "texture": "#0"
        },
        "west": {
          "uv": [
            6.5,
            6.5,
            6.7,
            6.7
          ],
          "texture": "#0"
        },
        "up": {
          "uv": [
            6.5,
            6.5,
            6.7,
            6.7
          ],
          "texture": "#0"
        },
        "down": {
          "uv": [
            6.5,
            6.5,
            6.7,
            6.7
          ],
          "texture": "#0"
        }
      }
    },
    {
      "from": [
        4.86,
        0.86699,
        4.72444
      ],
      "to": [
        9.09313,
        9.35922,
        10.28921
      ],
      "rotation": {
        "angle": 0,
        "axis": "y",
        "origin": [
          0.76,
          0.91023,
          1.34794
        ]
      },
      "faces": {
        "north": {
          "uv": [
            8.5,
            8.2,
            8.7,
            8.4
          ],
          "texture": "#0"
        },
        "east": {
          "uv": [
            8.5,
            8.2,
            8.7,
            8.4
          ],
          "texture": "#0"
        },
        "west": {
          "uv": [
            8.5,
            8.2,
            8.7,
            8.4
          ],
          "texture": "#0"
        },
        "up": {
          "uv": [
            8.5,
            8.2,
            8.7,
            8.4
          ],
          "texture": "#0"
        },
        "down": {
          "uv": [
            8.5,
            8.2,
            8.7,
            8.4
          ],
          "texture": "#0"
        }
      }
    },
    {
      "from": [
        4.86,
        1.73673,
        3.84105
      ],
      "to": [
        9.09313,
        8.50397,
        4.9822
      ],
      "rotation": {
        "angle": 0,
        "axis": "y",
        "origin": [
          0.76,
          0.92498,
          1.3332
        ]
      },
      "faces": {
        "north": {
          "uv": [
            8.5,
            8.2,
            8.7,
            8.4
          ],
          "texture": "#0"
        },
        "east": {
          "uv": [
            8.5,
            8.2,
            8.7,
            8.4
          ],
          "texture": "#0"
        },
        "west": {
          "uv": [
            8.5,
            8.2,
            8.7,
            8.4
          ],
          "texture": "#0"
        }
      }
    },
    {
      "from": [
        5,
        0.98995,
        9.95
      ],
      "to": [
        9,
        9.24268,
        11.96768
      ],
      "rotation": {
        "angle": 0,
        "axis": "y",
        "origin": [
          0,
          0,
          16
        ]
      },
      "faces": {
        "east": {
          "uv": [
            6.5,
            6.5,
            6.7,
            6.7
          ],
          "texture": "#0"
        },
        "south": {
          "uv": [
            6.5,
            6.5,
            6.7,
            6.7
          ],
          "texture": "#0"
        },
        "west": {
          "uv": [
            6.5,
            6.5,
            6.7,
            6.7
          ],
          "texture": "#0"
        }
      }
    },
    {
      "from": [
        4.86,
        1.73673,
        9.50445
      ],
      "to": [
        9.09313,
        8.50397,
        11.15895
      ],
      "rotation": {
        "angle": 0,
        "axis": "y",
        "origin": [
          0.76,
          0.92498,
          14.46545
        ]
      },
      "faces": {
        "east": {
          "uv": [
            8.5,
            8.2,
            8.7,
            8.4
          ],
          "texture": "#0"
        },
        "south": {
          "uv": [
            8.5,
            8.2,
            8.7,
            8.4
          ],
          "texture": "#0"
        },
        "west": {
          "uv": [
            8.5,
            8.2,
            8.7,
            8.4
          ],
          "texture": "#0"
        }
      }
    },
    {
      "from": [
        5,
        13.78221,
        18.46802
      ],
      "to": [
        9,
        15.20721,
        19.96802
      ],
      "rotation": {
        "angle": 45,
        "axis": "x",
        "origin": [
          0,
          21.88221,
          8.76802
        ]
      },
      "faces": {
        "east": {
          "uv": [
            6.5,
            6.5,
            6.7,
            6.7
          ],
          "texture": "#0"
        },
        "west": {
          "uv": [
            6.5,
            6.5,
            6.7,
            6.7
          ],
          "texture": "#0"
        },
        "up": {
          "uv": [
            6.5,
            6.5,
            6.7,
            6.7
          ],
          "texture": "#0"
        }
      }
    },
    {
      "from": [
        5,
        -4.97458,
        18.46802
      ],
      "to": [
        9,
        -3.54958,
        19.96802
      ],
      "rotation": {
        "angle": -45,
        "axis": "x",
        "origin": [
          0,
          -11.64958,
          8.76802
        ]
      },
      "faces": {
        "east": {
          "uv": [
            6.5,
            6.7,
            6.7,
            6.5
          ],
          "texture": "#0"
        },
        "west": {
          "uv": [
            6.5,
            6.7,
            6.7,
            6.5
          ],
          "texture": "#0"
        },
        "down": {
          "uv": [
            6.5,
            6.7,
            6.7,
            6.5
          ],
          "texture": "#0"
        }
      }
    },
    {
      "from": [
        5,
        13.78221,
        -4.961
      ],
      "to": [
        9,
        15.20721,
        -3.461
      ],
      "rotation": {
        "angle": -45,
        "axis": "x",
        "origin": [
          0,
          21.88221,
          6.239
        ]
      },
      "faces": {
        "east": {
          "uv": [
            6.7,
            6.5,
            6.5,
            6.7
          ],
          "texture": "#0"
        },
        "west": {
          "uv": [
            6.7,
            6.5,
            6.5,
            6.7
          ],
          "texture": "#0"
        },
        "up": {
          "uv": [
            6.5,
            6.7,
            6.7,
            6.5
          ],
          "texture": "#0"
        }
      }
    },
    {
      "from": [
        5,
        0.98995,
        3.03934
      ],
      "to": [
        9,
        9.24268,
        5.05702
      ],
      "rotation": {
        "angle": 0,
        "axis": "y",
        "origin": [
          0,
          0,
          -0.99298
        ]
      },
      "faces": {
        "north": {
          "uv": [
            6.7,
            6.5,
            6.5,
            6.7
          ],
          "texture": "#0"
        },
        "east": {
          "uv": [
            6.7,
            6.5,
            6.5,
            6.7
          ],
          "texture": "#0"
        },
        "west": {
          "uv": [
            6.7,
            6.5,
            6.5,
            6.7
          ],
          "texture": "#0"
        }
      }
    },
    {
      "from": [
        5,
        -4.97458,
        -4.961
      ],
      "to": [
        9,
        -3.54958,
        -3.461
      ],
      "rotation": {
        "angle": 45,
        "axis": "x",
        "origin": [
          0,
          -11.64958,
          6.239
        ]
      },
      "faces": {
        "east": {
          "uv": [
            6.7,
            6.7,
            6.5,
            6.5
          ],
          "texture": "#0"
        },
        "west": {
          "uv": [
            6.7,
            6.7,
            6.5,
            6.5
          ],
          "texture": "#0"
        },
        "down": {
          "uv": [
            6.5,
            6.5,
            6.7,
            6.7
          ],
          "texture": "#0"
        }
      }
    },
    {
      "from": [
        6.51,
        12.60529,
        14.55613
      ],
      "to": [
        7.49,
        13.60279,
        16.50613
      ],
      "rotation": {
        "angle": 45,
        "axis": "x",
        "origin": [
          2.1,
          18.69529,
          9.56613
        ]
      },
      "faces": {
        "east": {
          "uv": [
            6.5,
            6.5,
            6.7,
            6.7
          ],
          "texture": "#0"
        },
        "west": {
          "uv": [
            6.5,
            6.5,
            6.7,
            6.7
          ],
          "texture": "#0"
        },
        "up": {
          "uv": [
            6.5,
            6.5,
            6.7,
            6.7
          ],
          "texture": "#0"
        },
        "down": {
          "uv": [
            6.5,
            6.5,
            6.7,
            6.7
          ],
          "texture": "#0"
        }
      }
    },
    {
      "from": [
        6.4512,
        13.21653,
        16.39085
      ],
      "to": [
        7.5488,
        14.33373,
        17.23085
      ],
      "rotation": {
        "angle": 45,
        "axis": "x",
        "origin": [
          1.512,
          19.70133,
          9.45805
        ]
      },
      "faces": {
        "north": {
          "uv": [
            6.5,
            6.5,
            6.7,
            6.7
          ],
          "texture": "#1"
        },
        "east": {
          "uv": [
            6.5,
            6.5,
            6.7,
            6.7
          ],
          "texture": "#1"
        },
        "south": {
          "uv": [
            6.5,
            6.5,
            6.7,
            6.7
          ],
          "texture": "#1"
        },
        "west": {
          "uv": [
            6.5,
            6.5,
            6.7,
            6.7
          ],
          "texture": "#1"
        },
        "up": {
          "uv": [
            6.5,
            6.5,
            6.7,
            6.7
          ],
          "texture": "#1"
        }
      }
    },
    {
      "from": [
        6.50608,
        13.89675,
        15.86916
      ],
      "to": [
        7.49392,
        14.70223,
        16.62516
      ],
      "rotation": {
        "angle": 45,
        "axis": "x",
        "origin": [
          2.0608,
          18.83307,
          9.62964
        ]
      },
      "faces": {
        "north": {
          "uv": [
            6.5,
            6.5,
            6.7,
            6.7
          ],
          "texture": "#2"
        },
        "east": {
          "uv": [
            6.5,
            6.5,
            6.7,
            6.7
          ],
          "texture": "#2"
        },
        "south": {
          "uv": [
            6.5,
            6.5,
            6.7,
            6.7
          ],
          "texture": "#2"
        },
        "west": {
          "uv": [
            6.5,
            6.5,
            6.7,
            6.7
          ],
          "texture": "#2"
        }
      }
    },
    {
      "from": [
        6.50608,
        11.77553,
        8.4333
      ],
      "to": [
        7.49392,
        12.53153,
        9.73878
      ],
      "rotation": {
        "angle": -22.5,
        "axis": "x",
        "origin": [
          2.0608,
          18.77105,
          12.36962
        ]
      },
      "faces": {
        "east": {
          "uv": [
            6.5,
            6.5,
            6.7,
            6.7
          ],
          "rotation": 270,
          "texture": "#2"
        },
        "south": {
          "uv": [
            6.5,
            6.5,
            6.7,
            6.7
          ],
          "texture": "#2"
        },
        "west": {
          "uv": [
            6.5,
            6.5,
            6.7,
            6.7
          ],
          "rotation": 90,
          "texture": "#2"
        },
        "up": {
          "uv": [
            6.5,
            6.5,
            6.7,
            6.7
          ],
          "rotation": 180,
          "texture": "#2"
        },
        "down": {
          "uv": [
            6.5,
            6.5,
            6.7,
            6.7
          ],
          "texture": "#2"
        }
      }
    },
    {
      "from": [
        6.51,
        12.60529,
        -1.50613
      ],
      "to": [
        7.49,
        13.60279,
        0.34387
      ],
      "rotation": {
        "angle": -45,
        "axis": "x",
        "origin": [
          2.1,
          18.69529,
          5.33387
        ]
      },
      "faces": {
        "east": {
          "uv": [
            6.5,
            6.5,
            6.7,
            6.7
          ],
          "texture": "#0"
        },
        "west": {
          "uv": [
            6.5,
            6.5,
            6.7,
            6.7
          ],
          "texture": "#0"
        },
        "up": {
          "uv": [
            6.5,
            7.5,
            6.7,
            7.7
          ],
          "texture": "#0"
        },
        "down": {
          "uv": [
            6.5,
            7.5,
            6.7,
            7.7
          ],
          "texture": "#0"
        }
      }
    },
    {
      "from": [
        6.51,
        11.49717,
        10.25432
      ],
      "to": [
        7.49,
        12.49467,
        11.70432
      ],
      "rotation": {
        "angle": 22.5,
        "axis": "x",
        "origin": [
          2.1,
          17.58717,
          8.26432
        ]
      },
      "faces": {
        "east": {
          "uv": [
            6.5,
            6.5,
            6.7,
            6.7
          ],
          "texture": "#0"
        },
        "west": {
          "uv": [
            6.5,
            6.5,
            6.7,
            6.7
          ],
          "texture": "#0"
        },
        "up": {
          "uv": [
            6.5,
            6.5,
            6.7,
            6.7
          ],
          "texture": "#0"
        },
        "down": {
          "uv": [
            6.5,
            6.5,
            6.7,
            6.7
          ],
          "texture": "#0"
        }
      }
    },
    {
      "from": [
        6.51,
        11.49717,
        3.19568
      ],
      "to": [
        7.49,
        12.49467,
        4.64568
      ],
      "rotation": {
        "angle": -22.5,
        "axis": "x",
        "origin": [
          2.1,
          17.58717,
          6.63568
        ]
      },
      "faces": {
        "east": {
          "uv": [
            6.5,
            6.5,
            6.7,
            6.7
          ],
          "texture": "#0"
        },
        "west": {
          "uv": [
            6.5,
            6.5,
            6.7,
            6.7
          ],
          "texture": "#0"
        },
        "up": {
          "uv": [
            6.5,
            7.5,
            6.7,
            7.7
          ],
          "texture": "#0"
        },
        "down": {
          "uv": [
            6.5,
            7.5,
            6.7,
            7.7
          ],
          "texture": "#0"
        }
      }
    },
    {
      "from": [
        6.51,
        11.12328,
        6.70403
      ],
      "to": [
        7.49,
        12.12078,
        8.15403
      ],
      "rotation": {
        "angle": 0,
        "axis": "x",
        "origin": [
          2.1,
          17.21328,
          6.71403
        ]
      },
      "faces": {
        "north": {
          "uv": [
            6.5,
            6.5,
            6.7,
            6.7
          ],
          "texture": "#0"
        },
        "east": {
          "uv": [
            6.5,
            6.5,
            6.7,
            6.7
          ],
          "texture": "#0"
        },
        "west": {
          "uv": [
            6.5,
            6.5,
            6.7,
            6.7
          ],
          "texture": "#0"
        },
        "up": {
          "uv": [
            6.5,
            6.5,
            6.7,
            6.7
          ],
          "texture": "#0"
        },
        "down": {
          "uv": [
            6.5,
            6.5,
            6.7,
            6.7
          ],
          "texture": "#0"
        }
      }
    },
    {
      "from": [
        4.86,
        12.22639,
        16.48923
      ],
      "to": [
        9.09313,
        13.39489,
        17.71923
      ],
      "rotation": {
        "angle": 45,
        "axis": "x",
        "origin": [
          0.76,
          18.86839,
          8.53523
        ]
      },
      "faces": {
        "north": {
          "uv": [
            8.5,
            8.2,
            8.7,
            8.4
          ],
          "texture": "#0"
        },
        "east": {
          "uv": [
            8.5,
            8.2,
            8.7,
            8.4
          ],
          "texture": "#0"
        },
        "west": {
          "uv": [
            8.5,
            8.2,
            8.7,
            8.4
          ],
          "texture": "#0"
        },
        "up": {
          "uv": [
            8.5,
            8.2,
            8.7,
            8.4
          ],
          "texture": "#0"
        }
      }
    },
    {
      "from": [
        4.86,
        -3.15419,
        16.48923
      ],
      "to": [
        9.09313,
        -1.98569,
        17.71923
      ],
      "rotation": {
        "angle": -45,
        "axis": "x",
        "origin": [
          0.76,
          -8.62769,
          8.53523
        ]
      },
      "faces": {
        "east": {
          "uv": [
            8.5,
            8.2,
            8.7,
            8.4
          ],
          "texture": "#0"
        },
        "west": {
          "uv": [
            8.5,
            8.2,
            8.7,
            8.4
          ],
          "texture": "#0"
        },
        "down": {
          "uv": [
            8.5,
            8.2,
            8.7,
            8.4
          ],
          "texture": "#0"
        }
      }
    },
    {
      "from": [
        4.86,
        -3.15419,
        -2.71923
      ],
      "to": [
        9.09313,
        -1.98569,
        -1.48923
      ],
      "rotation": {
        "angle": 45,
        "axis": "x",
        "origin": [
          0.76,
          -8.62769,
          6.46477
        ]
      },
      "faces": {
        "east": {
          "uv": [
            8.5,
            8.2,
            8.7,
            8.4
          ],
          "texture": "#0"
        },
        "south": {
          "uv": [
            8.5,
            8.2,
            8.7,
            8.4
          ],
          "texture": "#0"
        },
        "west": {
          "uv": [
            8.5,
            8.2,
            8.7,
            8.4
          ],
          "texture": "#0"
        },
        "down": {
          "uv": [
            8.5,
            8.2,
            8.7,
            8.4
          ],
          "texture": "#0"
        }
      }
    },
    {
      "from": [
        4.86,
        12.22639,
        -2.71923
      ],
      "to": [
        9.09313,
        13.39489,
        -1.48923
      ],
      "rotation": {
        "angle": -45,
        "axis": "x",
        "origin": [
          0.76,
          18.86839,
          6.46477
        ]
      },
      "faces": {
        "east": {
          "uv": [
            8.5,
            8.2,
            8.7,
            8.4
          ],
          "texture": "#0"
        },
        "south": {
          "uv": [
            8.5,
            8.2,
            8.7,
            8.4
          ],
          "texture": "#0"
        },
        "west": {
          "uv": [
            8.5,
            8.2,
            8.7,
            8.4
          ],
          "texture": "#0"
        },
        "up": {
          "uv": [
            8.5,
            8.2,
            8.7,
            8.4
          ],
          "texture": "#0"
        }
      }
    }
  ],
  "display": {
    "thirdperson_righthand": {
      "rotation": [
        60,
        -180,
        0
      ],
      "translation": [
        -0.75,
        -3,
        -2.25
      ]
    },
    "thirdperson_lefthand": {
      "rotation": [
        60,
        -180,
        0
      ],
      "translation": [
        0.75,
        -3,
        -2.25
      ]
    },
    "firstperson_righthand": {
      "rotation": [
        0,
        -180,
        0
      ],
      "translation": [
        1.75,
        -0.5,
        0
      ]
    },
    "firstperson_lefthand": {
      "rotation": [
        0,
        -180,
        0
      ],
      "translation": [
        1.75,
        -0.5,
        0
      ]
    },
    "ground": {
      "translation": [
        0,
        4.25,
        0
      ]
    },
    "gui": {
      "rotation": [
        24,
        -40,
        0
      ],
      "translation": [
        0,
        1.75,
        0
      ]
    },
    "head": {
      "rotation": [
        0,
        -180,
        0
      ],
      "translation": [
        -1.5,
        -30,
        -1.25
      ],
      "scale": [
        1.64,
        1.64,
        1.64
      ]
    },
    "fixed": {
      "rotation": [
        0,
        90,
        0
      ],
      "translation": [
        0,
        0.75,
        -1
      ]
    }
  },
  "textures": {
    "0": "block/redstone_torch",
    "1": "block/black_concrete",
    "2": "block/yellow_concrete",
    "particle": "block/redstone_torch"
  }
}
