{
	"__comment": "Designed by Legofreak107 with BDcraft Cubik PRO 0.96 Beta - http://bdcraft.net",
	"textures": {
		"texture": "blocks/concrete_white",
		"wheel": "blocks/concrete_black",
		"glass": "blocks/glass",
		"iron_block": "blocks/coal_block",
		"wing": "blocks/concrete_black",
		"spaak": "blocks/iron_block",
		"block": "blocks/anvil_base",
		"light": "blocks/gold_block"
	},
	"elements": [ 	 
		{
			"__comment": "Element",
			"from": [ 14, 2.5, 7 ],
			"to": [ 15, 6.5, 9 ],
			"faces": {
				"down": { "uv": [ 2, 9, 1, 7 ], "texture": "#wheel" },
				"up": { "uv": [ 14, 7, 15, 9 ], "texture": "#wheel" },
				"north": { "uv": [ 1, 9.5, 2, 13.5 ], "texture": "#wheel" },
				"south": { "uv": [ 14, 9.5, 15, 13.5 ], "texture": "#wheel" },
				"west": { "uv": [ 7, 9.5, 9, 13.5 ], "texture": "#wheel" },
				"east": { "uv": [ 7, 9.5, 9, 13.5 ], "texture": "#wheel" }
			}
		},
		{
			"__comment": "Element",
			"from": [ 21, 2.5, 7 ],
			"to": [ 22, 6.5, 9 ],
			"faces": {
				"down": { "uv": [ 0, 9, 0, 7 ], "texture": "#wheel" },
				"up": { "uv": [ 16, 7, 16, 9 ], "texture": "#wheel" },
				"north": { "uv": [ 0, 9.5, 0, 13.5 ], "texture": "#wheel" },
				"south": { "uv": [ 16, 9.5, 16, 13.5 ], "texture": "#wheel" },
				"west": { "uv": [ 7, 9.5, 9, 13.5 ], "texture": "#wheel" },
				"east": { "uv": [ 7, 9.5, 9, 13.5 ], "texture": "#wheel" }
			}
		},
		{
			"__comment": "Element",
			"from": [ 15, 6.5, 7 ],
			"to": [ 16, 7.5, 9 ],
			"faces": {
				"down": { "uv": [ 1, 9, 0, 7 ], "texture": "#wheel" },
				"up": { "uv": [ 15, 7, 16, 9 ], "texture": "#wheel" },
				"north": { "uv": [ 0, 8.5, 1, 9.5 ], "texture": "#wheel" },
				"south": { "uv": [ 15, 8.5, 16, 9.5 ], "texture": "#wheel" },
				"west": { "uv": [ 7, 8.5, 9, 9.5 ], "texture": "#wheel" },
				"east": { "uv": [ 7, 8.5, 9, 9.5 ], "texture": "#wheel" }
			}
		},
		{
			"__comment": "Element",
			"from": [ 16, 7.5, 7 ],
			"to": [ 20, 8.5, 9 ],
			"faces": {
				"down": { "uv": [ 0, 9, 0, 7 ], "texture": "#wheel" },
				"up": { "uv": [ 16, 7, 16, 9 ], "texture": "#wheel" },
				"north": { "uv": [ 0, 7.5, 0, 8.5 ], "texture": "#wheel" },
				"south": { "uv": [ 16, 7.5, 16, 8.5 ], "texture": "#wheel" },
				"west": { "uv": [ 7, 7.5, 9, 8.5 ], "texture": "#wheel" },
				"east": { "uv": [ 7, 7.5, 9, 8.5 ], "texture": "#wheel" }
			}
		},
		{
			"__comment": "Element",
			"from": [ 20, 6.5, 7 ],
			"to": [ 21, 7.5, 9 ],
			"faces": {
				"down": { "uv": [ 0, 9, 0, 7 ], "texture": "#wheel" },
				"up": { "uv": [ 16, 7, 16, 9 ], "texture": "#wheel" },
				"north": { "uv": [ 0, 8.5, 0, 9.5 ], "texture": "#wheel" },
				"south": { "uv": [ 16, 8.5, 16, 9.5 ], "texture": "#wheel" },
				"west": { "uv": [ 7, 8.5, 9, 9.5 ], "texture": "#wheel" },
				"east": { "uv": [ 7, 8.5, 9, 9.5 ], "texture": "#wheel" }
			}
		},
		{
			"__comment": "Element",
			"from": [ 20, 1.5, 7 ],
			"to": [ 21, 2.5, 9 ],
			"faces": {
				"down": { "uv": [ 0, 9, 0, 7 ], "texture": "#wheel" },
				"up": { "uv": [ 16, 7, 16, 9 ], "texture": "#wheel" },
				"north": { "uv": [ 0, 13.5, 0, 14.5 ], "texture": "#wheel" },
				"south": { "uv": [ 16, 13.5, 16, 14.5 ], "texture": "#wheel" },
				"west": { "uv": [ 7, 13.5, 9, 14.5 ], "texture": "#wheel" },
				"east": { "uv": [ 7, 13.5, 9, 14.5 ], "texture": "#wheel" }
			}
		},
		{
			"__comment": "Element",
			"from": [ 16, 0.5, 7 ],
			"to": [ 20, 1.5, 9 ],
			"faces": {
				"down": { "uv": [ 0, 9, 0, 7 ], "texture": "#wheel" },
				"up": { "uv": [ 16, 7, 16, 9 ], "texture": "#wheel" },
				"north": { "uv": [ 0, 14.5, 0, 15.5 ], "texture": "#wheel" },
				"south": { "uv": [ 16, 14.5, 16, 15.5 ], "texture": "#wheel" },
				"west": { "uv": [ 7, 14.5, 9, 15.5 ], "texture": "#wheel" },
				"east": { "uv": [ 7, 14.5, 9, 15.5 ], "texture": "#wheel" }
			}
		},
		{
			"__comment": "Element",
			"from": [ 15, 1.5, 7 ],
			"to": [ 16, 2.5, 9 ],
			"faces": {
				"down": { "uv": [ 1, 9, 0, 7 ], "texture": "#wheel" },
				"up": { "uv": [ 15, 7, 16, 9 ], "texture": "#wheel" },
				"north": { "uv": [ 0, 13.5, 1, 14.5 ], "texture": "#wheel" },
				"south": { "uv": [ 15, 13.5, 16, 14.5 ], "texture": "#wheel" },
				"west": { "uv": [ 7, 13.5, 9, 14.5 ], "texture": "#wheel" },
				"east": { "uv": [ 7, 13.5, 9, 14.5 ], "texture": "#wheel" }
			}
		},
		{
			"__comment": "Element",
			"from": [ 16, 8.5, 7.5 ],
			"to": [ 20, 9, 8.5 ],
			"faces": {
				"down": { "uv": [ 0, 8.5, 0, 7.5 ], "texture": "#wheel" },
				"up": { "uv": [ 16, 7.5, 16, 8.5 ], "texture": "#wheel" },
				"north": { "uv": [ 0, 7, 0, 7.5 ], "texture": "#wheel" },
				"south": { "uv": [ 16, 7, 16, 7.5 ], "texture": "#wheel" },
				"west": { "uv": [ 7.5, 7, 8.5, 7.5 ], "texture": "#wheel" },
				"east": { "uv": [ 7.5, 7, 8.5, 7.5 ], "texture": "#wheel" }
			}
		},
		{
			"__comment": "Element",
			"from": [ 20, 8, 7.5 ],
			"to": [ 20.5, 8.5, 8.5 ],
			"faces": {
				"down": { "uv": [ 0, 8.5, 0, 7.5 ], "texture": "#wheel" },
				"up": { "uv": [ 16, 7.5, 16, 8.5 ], "texture": "#wheel" },
				"north": { "uv": [ 0, 7.5, 0, 8 ], "texture": "#wheel" },
				"south": { "uv": [ 16, 7.5, 16, 8 ], "texture": "#wheel" },
				"west": { "uv": [ 7.5, 7.5, 8.5, 8 ], "texture": "#wheel" },
				"east": { "uv": [ 7.5, 7.5, 8.5, 8 ], "texture": "#wheel" }
			}
		},
		{
			"__comment": "Element",
			"from": [ 20.5, 7.5, 7.5 ],
			"to": [ 21, 8, 8.5 ],
			"faces": {
				"down": { "uv": [ 0, 8.5, 0, 7.5 ], "texture": "#wheel" },
				"up": { "uv": [ 16, 7.5, 16, 8.5 ], "texture": "#wheel" },
				"north": { "uv": [ 0, 8, 0, 8.5 ], "texture": "#wheel" },
				"south": { "uv": [ 16, 8, 16, 8.5 ], "texture": "#wheel" },
				"west": { "uv": [ 7.5, 8, 8.5, 8.5 ], "texture": "#wheel" },
				"east": { "uv": [ 7.5, 8, 8.5, 8.5 ], "texture": "#wheel" }
			}
		},
		{
			"__comment": "Element",
			"from": [ 21.5, 6.5, 7.5 ],
			"to": [ 22, 7, 8.5 ],
			"faces": {
				"down": { "uv": [ 0, 8.5, 0, 7.5 ], "texture": "#wheel" },
				"up": { "uv": [ 16, 7.5, 16, 8.5 ], "texture": "#wheel" },
				"north": { "uv": [ 0, 9, 0, 9.5 ], "texture": "#wheel" },
				"south": { "uv": [ 16, 9, 16, 9.5 ], "texture": "#wheel" },
				"west": { "uv": [ 7.5, 9, 8.5, 9.5 ], "texture": "#wheel" },
				"east": { "uv": [ 7.5, 9, 8.5, 9.5 ], "texture": "#wheel" }
			}
		},
		{
			"__comment": "Element",
			"from": [ 20, 7.5, 7 ],
			"to": [ 20.5, 8, 9 ],
			"faces": {
				"down": { "uv": [ 0, 9, 0, 7 ], "texture": "#wheel" },
				"up": { "uv": [ 16, 7, 16, 9 ], "texture": "#wheel" },
				"north": { "uv": [ 0, 8, 0, 8.5 ], "texture": "#wheel" },
				"south": { "uv": [ 16, 8, 16, 8.5 ], "texture": "#wheel" },
				"west": { "uv": [ 7, 8, 9, 8.5 ], "texture": "#wheel" },
				"east": { "uv": [ 7, 8, 9, 8.5 ], "texture": "#wheel" }
			}
		},
		{
			"__comment": "Element",
			"from": [ 21, 6.5, 7 ],
			"to": [ 21.5, 7, 9 ],
			"faces": {
				"down": { "uv": [ 0, 9, 0, 7 ], "texture": "#wheel" },
				"up": { "uv": [ 16, 7, 16, 9 ], "texture": "#wheel" },
				"north": { "uv": [ 0, 9, 0, 9.5 ], "texture": "#wheel" },
				"south": { "uv": [ 16, 9, 16, 9.5 ], "texture": "#wheel" },
				"west": { "uv": [ 7, 9, 9, 9.5 ], "texture": "#wheel" },
				"east": { "uv": [ 7, 9, 9, 9.5 ], "texture": "#wheel" }
			}
		},
		{
			"__comment": "Element",
			"from": [ 21, 7, 7.5 ],
			"to": [ 21.5, 7.5, 8.5 ],
			"faces": {
				"down": { "uv": [ 0, 8.5, 0, 7.5 ], "texture": "#wheel" },
				"up": { "uv": [ 16, 7.5, 16, 8.5 ], "texture": "#wheel" },
				"north": { "uv": [ 0, 8.5, 0, 9 ], "texture": "#wheel" },
				"south": { "uv": [ 16, 8.5, 16, 9 ], "texture": "#wheel" },
				"west": { "uv": [ 7.5, 8.5, 8.5, 9 ], "texture": "#wheel" },
				"east": { "uv": [ 7.5, 8.5, 8.5, 9 ], "texture": "#wheel" }
			}
		},
		{
			"__comment": "Element",
			"from": [ 20.5, 6, 7 ],
			"to": [ 21, 6.5, 9 ],
			"faces": {
				"down": { "uv": [ 0, 9, 0, 7 ], "texture": "#wheel" },
				"up": { "uv": [ 16, 7, 16, 9 ], "texture": "#wheel" },
				"north": { "uv": [ 0, 9.5, 0, 10 ], "texture": "#wheel" },
				"south": { "uv": [ 16, 9.5, 16, 10 ], "texture": "#wheel" },
				"west": { "uv": [ 7, 9.5, 9, 10 ], "texture": "#wheel" },
				"east": { "uv": [ 7, 9.5, 9, 10 ], "texture": "#wheel" }
			}
		},
		{
			"__comment": "Element",
			"from": [ 19.5, 7, 7 ],
			"to": [ 20, 7.5, 9 ],
			"faces": {
				"down": { "uv": [ 0, 9, 0, 7 ], "texture": "#wheel" },
				"up": { "uv": [ 16, 7, 16, 9 ], "texture": "#wheel" },
				"north": { "uv": [ 0, 8.5, 0, 9 ], "texture": "#wheel" },
				"south": { "uv": [ 16, 8.5, 16, 9 ], "texture": "#wheel" },
				"west": { "uv": [ 7, 8.5, 9, 9 ], "texture": "#wheel" },
				"east": { "uv": [ 7, 8.5, 9, 9 ], "texture": "#wheel" }
			}
		},
		{
			"__comment": "Element",
			"from": [ 22, 2.5, 7.5 ],
			"to": [ 22.5, 6.5, 8.5 ],
			"faces": {
				"down": { "uv": [ 0, 8.5, 0, 7.5 ], "texture": "#wheel" },
				"up": { "uv": [ 16, 7.5, 16, 8.5 ], "texture": "#wheel" },
				"north": { "uv": [ 0, 9.5, 0, 13.5 ], "texture": "#wheel" },
				"south": { "uv": [ 16, 9.5, 16, 13.5 ], "texture": "#wheel" },
				"west": { "uv": [ 7.5, 9.5, 8.5, 13.5 ], "texture": "#wheel" },
				"east": { "uv": [ 7.5, 9.5, 8.5, 13.5 ], "texture": "#wheel" }
			}
		},
		{
			"__comment": "Element",
			"from": [ 21.5, 2, 7.5 ],
			"to": [ 22, 2.5, 8.5 ],
			"faces": {
				"down": { "uv": [ 0, 8.5, 0, 7.5 ], "texture": "#wheel" },
				"up": { "uv": [ 16, 7.5, 16, 8.5 ], "texture": "#wheel" },
				"north": { "uv": [ 0, 13.5, 0, 14 ], "texture": "#wheel" },
				"south": { "uv": [ 16, 13.5, 16, 14 ], "texture": "#wheel" },
				"west": { "uv": [ 7.5, 13.5, 8.5, 14 ], "texture": "#wheel" },
				"east": { "uv": [ 7.5, 13.5, 8.5, 14 ], "texture": "#wheel" }
			}
		},
		{
			"__comment": "Element",
			"from": [ 21, 1.5, 7.5 ],
			"to": [ 21.5, 2, 8.5 ],
			"faces": {
				"down": { "uv": [ 0, 8.5, 0, 7.5 ], "texture": "#wheel" },
				"up": { "uv": [ 16, 7.5, 16, 8.5 ], "texture": "#wheel" },
				"north": { "uv": [ 0, 14, 0, 14.5 ], "texture": "#wheel" },
				"south": { "uv": [ 16, 14, 16, 14.5 ], "texture": "#wheel" },
				"west": { "uv": [ 7.5, 14, 8.5, 14.5 ], "texture": "#wheel" },
				"east": { "uv": [ 7.5, 14, 8.5, 14.5 ], "texture": "#wheel" }
			}
		},
		{
			"__comment": "Element",
			"from": [ 20.5, 1, 7.5 ],
			"to": [ 21, 1.5, 8.5 ],
			"faces": {
				"down": { "uv": [ 0, 8.5, 0, 7.5 ], "texture": "#wheel" },
				"up": { "uv": [ 16, 7.5, 16, 8.5 ], "texture": "#wheel" },
				"north": { "uv": [ 0, 14.5, 0, 15 ], "texture": "#wheel" },
				"south": { "uv": [ 16, 14.5, 16, 15 ], "texture": "#wheel" },
				"west": { "uv": [ 7.5, 14.5, 8.5, 15 ], "texture": "#wheel" },
				"east": { "uv": [ 7.5, 14.5, 8.5, 15 ], "texture": "#wheel" }
			}
		},
		{
			"__comment": "Element",
			"from": [ 20, 0.5, 7.5 ],
			"to": [ 20.5, 1, 8.5 ],
			"faces": {
				"down": { "uv": [ 0, 8.5, 0, 7.5 ], "texture": "#wheel" },
				"up": { "uv": [ 16, 7.5, 16, 8.5 ], "texture": "#wheel" },
				"north": { "uv": [ 0, 15, 0, 15.5 ], "texture": "#wheel" },
				"south": { "uv": [ 16, 15, 16, 15.5 ], "texture": "#wheel" },
				"west": { "uv": [ 7.5, 15, 8.5, 15.5 ], "texture": "#wheel" },
				"east": { "uv": [ 7.5, 15, 8.5, 15.5 ], "texture": "#wheel" }
			}
		},
		{
			"__comment": "Element",
			"from": [ 16, 0, 7.5 ],
			"to": [ 20, 0.5, 8.5 ],
			"faces": {
				"down": { "uv": [ 0, 8.5, 0, 7.5 ], "texture": "#wheel" },
				"up": { "uv": [ 16, 7.5, 16, 8.5 ], "texture": "#wheel" },
				"north": { "uv": [ 0, 15.5, 0, 16 ], "texture": "#wheel" },
				"south": { "uv": [ 16, 15.5, 16, 16 ], "texture": "#wheel" },
				"west": { "uv": [ 7.5, 15.5, 8.5, 16 ], "texture": "#wheel" },
				"east": { "uv": [ 7.5, 15.5, 8.5, 16 ], "texture": "#wheel" }
			}
		},
		{
			"__comment": "Element",
			"from": [ 13.5, 2.5, 7.5 ],
			"to": [ 14, 6.5, 8.5 ],
			"faces": {
				"down": { "uv": [ 2.5, 8.5, 2, 7.5 ], "texture": "#wheel" },
				"up": { "uv": [ 13.5, 7.5, 14, 8.5 ], "texture": "#wheel" },
				"north": { "uv": [ 2, 9.5, 2.5, 13.5 ], "texture": "#wheel" },
				"south": { "uv": [ 13.5, 9.5, 14, 13.5 ], "texture": "#wheel" },
				"west": { "uv": [ 7.5, 9.5, 8.5, 13.5 ], "texture": "#wheel" },
				"east": { "uv": [ 7.5, 9.5, 8.5, 13.5 ], "texture": "#wheel" }
			}
		},
		{
			"__comment": "Element",
			"from": [ 15.5, 8, 7.5 ],
			"to": [ 16, 8.5, 8.5 ],
			"faces": {
				"down": { "uv": [ 0.5, 8.5, 0, 7.5 ], "texture": "#wheel" },
				"up": { "uv": [ 15.5, 7.5, 16, 8.5 ], "texture": "#wheel" },
				"north": { "uv": [ 0, 7.5, 0.5, 8 ], "texture": "#wheel" },
				"south": { "uv": [ 15.5, 7.5, 16, 8 ], "texture": "#wheel" },
				"west": { "uv": [ 7.5, 7.5, 8.5, 8 ], "texture": "#wheel" },
				"east": { "uv": [ 7.5, 7.5, 8.5, 8 ], "texture": "#wheel" }
			}
		},
		{
			"__comment": "Element",
			"from": [ 15, 7.5, 7.5 ],
			"to": [ 15.5, 8, 8.5 ],
			"faces": {
				"down": { "uv": [ 1, 8.5, 0.5, 7.5 ], "texture": "#wheel" },
				"up": { "uv": [ 15, 7.5, 15.5, 8.5 ], "texture": "#wheel" },
				"north": { "uv": [ 0.5, 8, 1, 8.5 ], "texture": "#wheel" },
				"south": { "uv": [ 15, 8, 15.5, 8.5 ], "texture": "#wheel" },
				"west": { "uv": [ 7.5, 8, 8.5, 8.5 ], "texture": "#wheel" },
				"east": { "uv": [ 7.5, 8, 8.5, 8.5 ], "texture": "#wheel" }
			}
		},
		{
			"__comment": "Element",
			"from": [ 14.5, 7, 7.5 ],
			"to": [ 15, 7.5, 8.5 ],
			"faces": {
				"down": { "uv": [ 1.5, 8.5, 1, 7.5 ], "texture": "#wheel" },
				"up": { "uv": [ 14.5, 7.5, 15, 8.5 ], "texture": "#wheel" },
				"north": { "uv": [ 1, 8.5, 1.5, 9 ], "texture": "#wheel" },
				"south": { "uv": [ 14.5, 8.5, 15, 9 ], "texture": "#wheel" },
				"west": { "uv": [ 7.5, 8.5, 8.5, 9 ], "texture": "#wheel" },
				"east": { "uv": [ 7.5, 8.5, 8.5, 9 ], "texture": "#wheel" }
			}
		},
		{
			"__comment": "Element",
			"from": [ 14, 6.5, 7.5 ],
			"to": [ 14.5, 7, 8.5 ],
			"faces": {
				"down": { "uv": [ 2, 8.5, 1.5, 7.5 ], "texture": "#wheel" },
				"up": { "uv": [ 14, 7.5, 14.5, 8.5 ], "texture": "#wheel" },
				"north": { "uv": [ 1.5, 9, 2, 9.5 ], "texture": "#wheel" },
				"south": { "uv": [ 14, 9, 14.5, 9.5 ], "texture": "#wheel" },
				"west": { "uv": [ 7.5, 9, 8.5, 9.5 ], "texture": "#wheel" },
				"east": { "uv": [ 7.5, 9, 8.5, 9.5 ], "texture": "#wheel" }
			}
		},
		{
			"__comment": "Element",
			"from": [ 14, 2, 7.5 ],
			"to": [ 14.5, 2.5, 8.5 ],
			"faces": {
				"down": { "uv": [ 2, 8.5, 1.5, 7.5 ], "texture": "#wheel" },
				"up": { "uv": [ 14, 7.5, 14.5, 8.5 ], "texture": "#wheel" },
				"north": { "uv": [ 1.5, 13.5, 2, 14 ], "texture": "#wheel" },
				"south": { "uv": [ 14, 13.5, 14.5, 14 ], "texture": "#wheel" },
				"west": { "uv": [ 7.5, 13.5, 8.5, 14 ], "texture": "#wheel" },
				"east": { "uv": [ 7.5, 13.5, 8.5, 14 ], "texture": "#wheel" }
			}
		},
		{
			"__comment": "Element",
			"from": [ 14.5, 1.5, 7.5 ],
			"to": [ 15, 2, 8.5 ],
			"faces": {
				"down": { "uv": [ 1.5, 8.5, 1, 7.5 ], "texture": "#wheel" },
				"up": { "uv": [ 14.5, 7.5, 15, 8.5 ], "texture": "#wheel" },
				"north": { "uv": [ 1, 14, 1.5, 14.5 ], "texture": "#wheel" },
				"south": { "uv": [ 14.5, 14, 15, 14.5 ], "texture": "#wheel" },
				"west": { "uv": [ 7.5, 14, 8.5, 14.5 ], "texture": "#wheel" },
				"east": { "uv": [ 7.5, 14, 8.5, 14.5 ], "texture": "#wheel" }
			}
		},
		{
			"__comment": "Element",
			"from": [ 15, 1, 7.5 ],
			"to": [ 15.5, 1.5, 8.5 ],
			"faces": {
				"down": { "uv": [ 1, 8.5, 0.5, 7.5 ], "texture": "#wheel" },
				"up": { "uv": [ 15, 7.5, 15.5, 8.5 ], "texture": "#wheel" },
				"north": { "uv": [ 0.5, 14.5, 1, 15 ], "texture": "#wheel" },
				"south": { "uv": [ 15, 14.5, 15.5, 15 ], "texture": "#wheel" },
				"west": { "uv": [ 7.5, 14.5, 8.5, 15 ], "texture": "#wheel" },
				"east": { "uv": [ 7.5, 14.5, 8.5, 15 ], "texture": "#wheel" }
			}
		},
		{
			"__comment": "Element",
			"from": [ 15.5, 0.5, 7.5 ],
			"to": [ 16, 1, 8.5 ],
			"faces": {
				"down": { "uv": [ 0.5, 8.5, 0, 7.5 ], "texture": "#wheel" },
				"up": { "uv": [ 15.5, 7.5, 16, 8.5 ], "texture": "#wheel" },
				"north": { "uv": [ 0, 15, 0.5, 15.5 ], "texture": "#wheel" },
				"south": { "uv": [ 15.5, 15, 16, 15.5 ], "texture": "#wheel" },
				"west": { "uv": [ 7.5, 15, 8.5, 15.5 ], "texture": "#wheel" },
				"east": { "uv": [ 7.5, 15, 8.5, 15.5 ], "texture": "#wheel" }
			}
		},
		{
			"__comment": "Element",
			"from": [ 15.5, 7.5, 7 ],
			"to": [ 16, 8, 9 ],
			"faces": {
				"down": { "uv": [ 0.5, 9, 0, 7 ], "texture": "#wheel" },
				"up": { "uv": [ 15.5, 7, 16, 9 ], "texture": "#wheel" },
				"north": { "uv": [ 0, 8, 0.5, 8.5 ], "texture": "#wheel" },
				"south": { "uv": [ 15.5, 8, 16, 8.5 ], "texture": "#wheel" },
				"west": { "uv": [ 7, 8, 9, 8.5 ], "texture": "#wheel" },
				"east": { "uv": [ 7, 8, 9, 8.5 ], "texture": "#wheel" }
			}
		},
		{
			"__comment": "Element",
			"from": [ 14.5, 6.5, 7 ],
			"to": [ 15, 7, 9 ],
			"faces": {
				"down": { "uv": [ 1.5, 9, 1, 7 ], "texture": "#wheel" },
				"up": { "uv": [ 14.5, 7, 15, 9 ], "texture": "#wheel" },
				"north": { "uv": [ 1, 9, 1.5, 9.5 ], "texture": "#wheel" },
				"south": { "uv": [ 14.5, 9, 15, 9.5 ], "texture": "#wheel" },
				"west": { "uv": [ 7, 9, 9, 9.5 ], "texture": "#wheel" },
				"east": { "uv": [ 7, 9, 9, 9.5 ], "texture": "#wheel" }
			}
		},
		{
			"__comment": "Element",
			"from": [ 14.5, 2, 7 ],
			"to": [ 15, 2.5, 9 ],
			"faces": {
				"down": { "uv": [ 1.5, 9, 1, 7 ], "texture": "#wheel" },
				"up": { "uv": [ 14.5, 7, 15, 9 ], "texture": "#wheel" },
				"north": { "uv": [ 1, 13.5, 1.5, 14 ], "texture": "#wheel" },
				"south": { "uv": [ 14.5, 13.5, 15, 14 ], "texture": "#wheel" },
				"west": { "uv": [ 7, 13.5, 9, 14 ], "texture": "#wheel" },
				"east": { "uv": [ 7, 13.5, 9, 14 ], "texture": "#wheel" }
			}
		},
		{
			"__comment": "Element",
			"from": [ 15.5, 1, 7 ],
			"to": [ 16, 1.5, 9 ],
			"faces": {
				"down": { "uv": [ 0.5, 9, 0, 7 ], "texture": "#wheel" },
				"up": { "uv": [ 15.5, 7, 16, 9 ], "texture": "#wheel" },
				"north": { "uv": [ 0, 14.5, 0.5, 15 ], "texture": "#wheel" },
				"south": { "uv": [ 15.5, 14.5, 16, 15 ], "texture": "#wheel" },
				"west": { "uv": [ 7, 14.5, 9, 15 ], "texture": "#wheel" },
				"east": { "uv": [ 7, 14.5, 9, 15 ], "texture": "#wheel" }
			}
		},
		{
			"__comment": "Element",
			"from": [ 20, 1, 7 ],
			"to": [ 20.5, 1.5, 9 ],
			"faces": {
				"down": { "uv": [ 0, 9, 0, 7 ], "texture": "#wheel" },
				"up": { "uv": [ 16, 7, 16, 9 ], "texture": "#wheel" },
				"north": { "uv": [ 0, 14.5, 0, 15 ], "texture": "#wheel" },
				"south": { "uv": [ 16, 14.5, 16, 15 ], "texture": "#wheel" },
				"west": { "uv": [ 7, 14.5, 9, 15 ], "texture": "#wheel" },
				"east": { "uv": [ 7, 14.5, 9, 15 ], "texture": "#wheel" }
			}
		},
		{
			"__comment": "Element",
			"from": [ 21, 2, 7 ],
			"to": [ 21.5, 2.5, 9 ],
			"faces": {
				"down": { "uv": [ 0, 9, 0, 7 ], "texture": "#wheel" },
				"up": { "uv": [ 16, 7, 16, 9 ], "texture": "#wheel" },
				"north": { "uv": [ 0, 13.5, 0, 14 ], "texture": "#wheel" },
				"south": { "uv": [ 16, 13.5, 16, 14 ], "texture": "#wheel" },
				"west": { "uv": [ 7, 13.5, 9, 14 ], "texture": "#wheel" },
				"east": { "uv": [ 7, 13.5, 9, 14 ], "texture": "#wheel" }
			}
		},
		{
			"__comment": "Element",
			"from": [ 20.5, 2.5, 7 ],
			"to": [ 21, 3, 9 ],
			"faces": {
				"down": { "uv": [ 0, 9, 0, 7 ], "texture": "#wheel" },
				"up": { "uv": [ 16, 7, 16, 9 ], "texture": "#wheel" },
				"north": { "uv": [ 0, 13, 0, 13.5 ], "texture": "#wheel" },
				"south": { "uv": [ 16, 13, 16, 13.5 ], "texture": "#wheel" },
				"west": { "uv": [ 7, 13, 9, 13.5 ], "texture": "#wheel" },
				"east": { "uv": [ 7, 13, 9, 13.5 ], "texture": "#wheel" }
			}
		},
		{
			"__comment": "Element",
			"from": [ 19.5, 1.5, 7 ],
			"to": [ 20, 2, 9 ],
			"faces": {
				"down": { "uv": [ 0, 9, 0, 7 ], "texture": "#wheel" },
				"up": { "uv": [ 16, 7, 16, 9 ], "texture": "#wheel" },
				"north": { "uv": [ 0, 14, 0, 14.5 ], "texture": "#wheel" },
				"south": { "uv": [ 16, 14, 16, 14.5 ], "texture": "#wheel" },
				"west": { "uv": [ 7, 14, 9, 14.5 ], "texture": "#wheel" },
				"east": { "uv": [ 7, 14, 9, 14.5 ], "texture": "#wheel" }
			}
		},
		{
			"__comment": "Element",
			"from": [ 16, 1.5, 7 ],
			"to": [ 16.5, 2, 9 ],
			"faces": {
				"down": { "uv": [ 0, 9, 0, 7 ], "texture": "#wheel" },
				"up": { "uv": [ 16, 7, 16, 9 ], "texture": "#wheel" },
				"north": { "uv": [ 0, 14, 0, 14.5 ], "texture": "#wheel" },
				"south": { "uv": [ 16, 14, 16, 14.5 ], "texture": "#wheel" },
				"west": { "uv": [ 7, 14, 9, 14.5 ], "texture": "#wheel" },
				"east": { "uv": [ 7, 14, 9, 14.5 ], "texture": "#wheel" }
			}
		},
		{
			"__comment": "Element",
			"from": [ 15, 2.5, 7 ],
			"to": [ 15.5, 3, 9 ],
			"faces": {
				"down": { "uv": [ 1, 9, 0.5, 7 ], "texture": "#wheel" },
				"up": { "uv": [ 15, 7, 15.5, 9 ], "texture": "#wheel" },
				"north": { "uv": [ 0.5, 13, 1, 13.5 ], "texture": "#wheel" },
				"south": { "uv": [ 15, 13, 15.5, 13.5 ], "texture": "#wheel" },
				"west": { "uv": [ 7, 13, 9, 13.5 ], "texture": "#wheel" },
				"east": { "uv": [ 7, 13, 9, 13.5 ], "texture": "#wheel" }
			}
		},
		{
			"__comment": "Element",
			"from": [ 15, 6, 7 ],
			"to": [ 15.5, 6.5, 9 ],
			"faces": {
				"down": { "uv": [ 1, 9, 0.5, 7 ], "texture": "#wheel" },
				"up": { "uv": [ 15, 7, 15.5, 9 ], "texture": "#wheel" },
				"north": { "uv": [ 0.5, 9.5, 1, 10 ], "texture": "#wheel" },
				"south": { "uv": [ 15, 9.5, 15.5, 10 ], "texture": "#wheel" },
				"west": { "uv": [ 7, 9.5, 9, 10 ], "texture": "#wheel" },
				"east": { "uv": [ 7, 9.5, 9, 10 ], "texture": "#wheel" }
			}
		},
		{
			"__comment": "Element",
			"from": [ 16, 7, 7 ],
			"to": [ 16.5, 7.5, 9 ],
			"faces": {
				"down": { "uv": [ 0, 9, 0, 7 ], "texture": "#wheel" },
				"up": { "uv": [ 16, 7, 16, 9 ], "texture": "#wheel" },
				"north": { "uv": [ 0, 8.5, 0, 9 ], "texture": "#wheel" },
				"south": { "uv": [ 16, 8.5, 16, 9 ], "texture": "#wheel" },
				"west": { "uv": [ 7, 8.5, 9, 9 ], "texture": "#wheel" },
				"east": { "uv": [ 7, 8.5, 9, 9 ], "texture": "#wheel" }
			}
		},
		{
			"__comment": "Element",
			"from": [ -6, 2.5, 7 ],
			"to": [ -5, 6.5, 9 ],
			"faces": {
				"down": { "uv": [ 16, 9, 16, 7 ], "texture": "#wheel" },
				"up": { "uv": [ 0, 7, 0, 9 ], "texture": "#wheel" },
				"north": { "uv": [ 16, 9.5, 16, 13.5 ], "texture": "#wheel" },
				"south": { "uv": [ 0, 9.5, 0, 13.5 ], "texture": "#wheel" },
				"west": { "uv": [ 7, 9.5, 9, 13.5 ], "texture": "#wheel" },
				"east": { "uv": [ 7, 9.5, 9, 13.5 ], "texture": "#wheel" }
			}
		},
		{
			"__comment": "Element",
			"from": [ 1, 2.5, 7 ],
			"to": [ 2, 6.5, 9 ],
			"faces": {
				"down": { "uv": [ 15, 9, 14, 7 ], "texture": "#wheel" },
				"up": { "uv": [ 1, 7, 2, 9 ], "texture": "#wheel" },
				"north": { "uv": [ 14, 9.5, 15, 13.5 ], "texture": "#wheel" },
				"south": { "uv": [ 1, 9.5, 2, 13.5 ], "texture": "#wheel" },
				"west": { "uv": [ 7, 9.5, 9, 13.5 ], "texture": "#wheel" },
				"east": { "uv": [ 7, 9.5, 9, 13.5 ], "texture": "#wheel" }
			}
		},
		{
			"__comment": "Element",
			"from": [ -5, 6.5, 7 ],
			"to": [ -4, 7.5, 9 ],
			"faces": {
				"down": { "uv": [ 16, 9, 16, 7 ], "texture": "#wheel" },
				"up": { "uv": [ 0, 7, 0, 9 ], "texture": "#wheel" },
				"north": { "uv": [ 16, 8.5, 16, 9.5 ], "texture": "#wheel" },
				"south": { "uv": [ 0, 8.5, 0, 9.5 ], "texture": "#wheel" },
				"west": { "uv": [ 7, 8.5, 9, 9.5 ], "texture": "#wheel" },
				"east": { "uv": [ 7, 8.5, 9, 9.5 ], "texture": "#wheel" }
			}
		},
		{
			"__comment": "Element",
			"from": [ -4, 7.5, 7 ],
			"to": [ 0, 8.5, 9 ],
			"faces": {
				"down": { "uv": [ 16, 9, 16, 7 ], "texture": "#wheel" },
				"up": { "uv": [ 0, 7, 0, 9 ], "texture": "#wheel" },
				"north": { "uv": [ 16, 7.5, 16, 8.5 ], "texture": "#wheel" },
				"south": { "uv": [ 0, 7.5, 0, 8.5 ], "texture": "#wheel" },
				"west": { "uv": [ 7, 7.5, 9, 8.5 ], "texture": "#wheel" },
				"east": { "uv": [ 7, 7.5, 9, 8.5 ], "texture": "#wheel" }
			}
		},
		{
			"__comment": "Element",
			"from": [ 0, 6.5, 7 ],
			"to": [ 1, 7.5, 9 ],
			"faces": {
				"down": { "uv": [ 16, 9, 15, 7 ], "texture": "#wheel" },
				"up": { "uv": [ 0, 7, 1, 9 ], "texture": "#wheel" },
				"north": { "uv": [ 15, 8.5, 16, 9.5 ], "texture": "#wheel" },
				"south": { "uv": [ 0, 8.5, 1, 9.5 ], "texture": "#wheel" },
				"west": { "uv": [ 7, 8.5, 9, 9.5 ], "texture": "#wheel" },
				"east": { "uv": [ 7, 8.5, 9, 9.5 ], "texture": "#wheel" }
			}
		},
		{
			"__comment": "Element",
			"from": [ 0, 1.5, 7 ],
			"to": [ 1, 2.5, 9 ],
			"faces": {
				"down": { "uv": [ 16, 9, 15, 7 ], "texture": "#wheel" },
				"up": { "uv": [ 0, 7, 1, 9 ], "texture": "#wheel" },
				"north": { "uv": [ 15, 13.5, 16, 14.5 ], "texture": "#wheel" },
				"south": { "uv": [ 0, 13.5, 1, 14.5 ], "texture": "#wheel" },
				"west": { "uv": [ 7, 13.5, 9, 14.5 ], "texture": "#wheel" },
				"east": { "uv": [ 7, 13.5, 9, 14.5 ], "texture": "#wheel" }
			}
		},
		{
			"__comment": "Element",
			"from": [ -4, 0.5, 7 ],
			"to": [ 0, 1.5, 9 ],
			"faces": {
				"down": { "uv": [ 16, 9, 16, 7 ], "texture": "#wheel" },
				"up": { "uv": [ 0, 7, 0, 9 ], "texture": "#wheel" },
				"north": { "uv": [ 16, 14.5, 16, 15.5 ], "texture": "#wheel" },
				"south": { "uv": [ 0, 14.5, 0, 15.5 ], "texture": "#wheel" },
				"west": { "uv": [ 7, 14.5, 9, 15.5 ], "texture": "#wheel" },
				"east": { "uv": [ 7, 14.5, 9, 15.5 ], "texture": "#wheel" }
			}
		},
		{
			"__comment": "Element",
			"from": [ -5, 1.5, 7 ],
			"to": [ -4, 2.5, 9 ],
			"faces": {
				"down": { "uv": [ 16, 9, 16, 7 ], "texture": "#wheel" },
				"up": { "uv": [ 0, 7, 0, 9 ], "texture": "#wheel" },
				"north": { "uv": [ 16, 13.5, 16, 14.5 ], "texture": "#wheel" },
				"south": { "uv": [ 0, 13.5, 0, 14.5 ], "texture": "#wheel" },
				"west": { "uv": [ 7, 13.5, 9, 14.5 ], "texture": "#wheel" },
				"east": { "uv": [ 7, 13.5, 9, 14.5 ], "texture": "#wheel" }
			}
		},
		{
			"__comment": "Element",
			"from": [ -4, 8.5, 7.5 ],
			"to": [ 0, 9, 8.5 ],
			"faces": {
				"down": { "uv": [ 16, 8.5, 16, 7.5 ], "texture": "#wheel" },
				"up": { "uv": [ 0, 7.5, 0, 8.5 ], "texture": "#wheel" },
				"north": { "uv": [ 16, 7, 16, 7.5 ], "texture": "#wheel" },
				"south": { "uv": [ 0, 7, 0, 7.5 ], "texture": "#wheel" },
				"west": { "uv": [ 7.5, 7, 8.5, 7.5 ], "texture": "#wheel" },
				"east": { "uv": [ 7.5, 7, 8.5, 7.5 ], "texture": "#wheel" }
			}
		},
		{
			"__comment": "Element",
			"from": [ 0, 8, 7.5 ],
			"to": [ 0.5, 8.5, 8.5 ],
			"faces": {
				"down": { "uv": [ 16, 8.5, 15.5, 7.5 ], "texture": "#wheel" },
				"up": { "uv": [ 0, 7.5, 0.5, 8.5 ], "texture": "#wheel" },
				"north": { "uv": [ 15.5, 7.5, 16, 8 ], "texture": "#wheel" },
				"south": { "uv": [ 0, 7.5, 0.5, 8 ], "texture": "#wheel" },
				"west": { "uv": [ 7.5, 7.5, 8.5, 8 ], "texture": "#wheel" },
				"east": { "uv": [ 7.5, 7.5, 8.5, 8 ], "texture": "#wheel" }
			}
		},
		{
			"__comment": "Element",
			"from": [ 0.5, 7.5, 7.5 ],
			"to": [ 1, 8, 8.5 ],
			"faces": {
				"down": { "uv": [ 15.5, 8.5, 15, 7.5 ], "texture": "#wheel" },
				"up": { "uv": [ 0.5, 7.5, 1, 8.5 ], "texture": "#wheel" },
				"north": { "uv": [ 15, 8, 15.5, 8.5 ], "texture": "#wheel" },
				"south": { "uv": [ 0.5, 8, 1, 8.5 ], "texture": "#wheel" },
				"west": { "uv": [ 7.5, 8, 8.5, 8.5 ], "texture": "#wheel" },
				"east": { "uv": [ 7.5, 8, 8.5, 8.5 ], "texture": "#wheel" }
			}
		},
		{
			"__comment": "Element",
			"from": [ 1.5, 6.5, 7.5 ],
			"to": [ 2, 7, 8.5 ],
			"faces": {
				"down": { "uv": [ 14.5, 8.5, 14, 7.5 ], "texture": "#wheel" },
				"up": { "uv": [ 1.5, 7.5, 2, 8.5 ], "texture": "#wheel" },
				"north": { "uv": [ 14, 9, 14.5, 9.5 ], "texture": "#wheel" },
				"south": { "uv": [ 1.5, 9, 2, 9.5 ], "texture": "#wheel" },
				"west": { "uv": [ 7.5, 9, 8.5, 9.5 ], "texture": "#wheel" },
				"east": { "uv": [ 7.5, 9, 8.5, 9.5 ], "texture": "#wheel" }
			}
		},
		{
			"__comment": "Element",
			"from": [ 0, 7.5, 7 ],
			"to": [ 0.5, 8, 9 ],
			"faces": {
				"down": { "uv": [ 16, 9, 15.5, 7 ], "texture": "#wheel" },
				"up": { "uv": [ 0, 7, 0.5, 9 ], "texture": "#wheel" },
				"north": { "uv": [ 15.5, 8, 16, 8.5 ], "texture": "#wheel" },
				"south": { "uv": [ 0, 8, 0.5, 8.5 ], "texture": "#wheel" },
				"west": { "uv": [ 7, 8, 9, 8.5 ], "texture": "#wheel" },
				"east": { "uv": [ 7, 8, 9, 8.5 ], "texture": "#wheel" }
			}
		},
		{
			"__comment": "Element",
			"from": [ 1, 6.5, 7 ],
			"to": [ 1.5, 7, 9 ],
			"faces": {
				"down": { "uv": [ 15, 9, 14.5, 7 ], "texture": "#wheel" },
				"up": { "uv": [ 1, 7, 1.5, 9 ], "texture": "#wheel" },
				"north": { "uv": [ 14.5, 9, 15, 9.5 ], "texture": "#wheel" },
				"south": { "uv": [ 1, 9, 1.5, 9.5 ], "texture": "#wheel" },
				"west": { "uv": [ 7, 9, 9, 9.5 ], "texture": "#wheel" },
				"east": { "uv": [ 7, 9, 9, 9.5 ], "texture": "#wheel" }
			}
		},
		{
			"__comment": "Element",
			"from": [ 1, 7, 7.5 ],
			"to": [ 1.5, 7.5, 8.5 ],
			"faces": {
				"down": { "uv": [ 15, 8.5, 14.5, 7.5 ], "texture": "#wheel" },
				"up": { "uv": [ 1, 7.5, 1.5, 8.5 ], "texture": "#wheel" },
				"north": { "uv": [ 14.5, 8.5, 15, 9 ], "texture": "#wheel" },
				"south": { "uv": [ 1, 8.5, 1.5, 9 ], "texture": "#wheel" },
				"west": { "uv": [ 7.5, 8.5, 8.5, 9 ], "texture": "#wheel" },
				"east": { "uv": [ 7.5, 8.5, 8.5, 9 ], "texture": "#wheel" }
			}
		},
		{
			"__comment": "Element",
			"from": [ 0.5, 6, 7 ],
			"to": [ 1, 6.5, 9 ],
			"faces": {
				"down": { "uv": [ 15.5, 9, 15, 7 ], "texture": "#wheel" },
				"up": { "uv": [ 0.5, 7, 1, 9 ], "texture": "#wheel" },
				"north": { "uv": [ 15, 9.5, 15.5, 10 ], "texture": "#wheel" },
				"south": { "uv": [ 0.5, 9.5, 1, 10 ], "texture": "#wheel" },
				"west": { "uv": [ 7, 9.5, 9, 10 ], "texture": "#wheel" },
				"east": { "uv": [ 7, 9.5, 9, 10 ], "texture": "#wheel" }
			}
		},
		{
			"__comment": "Element",
			"from": [ -0.5, 7, 7 ],
			"to": [ 0, 7.5, 9 ],
			"faces": {
				"down": { "uv": [ 16, 9, 16, 7 ], "texture": "#wheel" },
				"up": { "uv": [ 0, 7, 0, 9 ], "texture": "#wheel" },
				"north": { "uv": [ 16, 8.5, 16, 9 ], "texture": "#wheel" },
				"south": { "uv": [ 0, 8.5, 0, 9 ], "texture": "#wheel" },
				"west": { "uv": [ 7, 8.5, 9, 9 ], "texture": "#wheel" },
				"east": { "uv": [ 7, 8.5, 9, 9 ], "texture": "#wheel" }
			}
		},
		{
			"__comment": "Element",
			"from": [ 2, 2.5, 7.5 ],
			"to": [ 2.5, 6.5, 8.5 ],
			"faces": {
				"down": { "uv": [ 14, 8.5, 13.5, 7.5 ], "texture": "#wheel" },
				"up": { "uv": [ 2, 7.5, 2.5, 8.5 ], "texture": "#wheel" },
				"north": { "uv": [ 13.5, 9.5, 14, 13.5 ], "texture": "#wheel" },
				"south": { "uv": [ 2, 9.5, 2.5, 13.5 ], "texture": "#wheel" },
				"west": { "uv": [ 7.5, 9.5, 8.5, 13.5 ], "texture": "#wheel" },
				"east": { "uv": [ 7.5, 9.5, 8.5, 13.5 ], "texture": "#wheel" }
			}
		},
		{
			"__comment": "Element",
			"from": [ 1.5, 2, 7.5 ],
			"to": [ 2, 2.5, 8.5 ],
			"faces": {
				"down": { "uv": [ 14.5, 8.5, 14, 7.5 ], "texture": "#wheel" },
				"up": { "uv": [ 1.5, 7.5, 2, 8.5 ], "texture": "#wheel" },
				"north": { "uv": [ 14, 13.5, 14.5, 14 ], "texture": "#wheel" },
				"south": { "uv": [ 1.5, 13.5, 2, 14 ], "texture": "#wheel" },
				"west": { "uv": [ 7.5, 13.5, 8.5, 14 ], "texture": "#wheel" },
				"east": { "uv": [ 7.5, 13.5, 8.5, 14 ], "texture": "#wheel" }
			}
		},
		{
			"__comment": "Element",
			"from": [ 1, 1.5, 7.5 ],
			"to": [ 1.5, 2, 8.5 ],
			"faces": {
				"down": { "uv": [ 15, 8.5, 14.5, 7.5 ], "texture": "#wheel" },
				"up": { "uv": [ 1, 7.5, 1.5, 8.5 ], "texture": "#wheel" },
				"north": { "uv": [ 14.5, 14, 15, 14.5 ], "texture": "#wheel" },
				"south": { "uv": [ 1, 14, 1.5, 14.5 ], "texture": "#wheel" },
				"west": { "uv": [ 7.5, 14, 8.5, 14.5 ], "texture": "#wheel" },
				"east": { "uv": [ 7.5, 14, 8.5, 14.5 ], "texture": "#wheel" }
			}
		},
		{
			"__comment": "Element",
			"from": [ 0.5, 1, 7.5 ],
			"to": [ 1, 1.5, 8.5 ],
			"faces": {
				"down": { "uv": [ 15.5, 8.5, 15, 7.5 ], "texture": "#wheel" },
				"up": { "uv": [ 0.5, 7.5, 1, 8.5 ], "texture": "#wheel" },
				"north": { "uv": [ 15, 14.5, 15.5, 15 ], "texture": "#wheel" },
				"south": { "uv": [ 0.5, 14.5, 1, 15 ], "texture": "#wheel" },
				"west": { "uv": [ 7.5, 14.5, 8.5, 15 ], "texture": "#wheel" },
				"east": { "uv": [ 7.5, 14.5, 8.5, 15 ], "texture": "#wheel" }
			}
		},
		{
			"__comment": "Element",
			"from": [ 0, 0.5, 7.5 ],
			"to": [ 0.5, 1, 8.5 ],
			"faces": {
				"down": { "uv": [ 16, 8.5, 15.5, 7.5 ], "texture": "#wheel" },
				"up": { "uv": [ 0, 7.5, 0.5, 8.5 ], "texture": "#wheel" },
				"north": { "uv": [ 15.5, 15, 16, 15.5 ], "texture": "#wheel" },
				"south": { "uv": [ 0, 15, 0.5, 15.5 ], "texture": "#wheel" },
				"west": { "uv": [ 7.5, 15, 8.5, 15.5 ], "texture": "#wheel" },
				"east": { "uv": [ 7.5, 15, 8.5, 15.5 ], "texture": "#wheel" }
			}
		},
		{
			"__comment": "Element",
			"from": [ -4, 0, 7.5 ],
			"to": [ 0, 0.5, 8.5 ],
			"faces": {
				"down": { "uv": [ 16, 8.5, 16, 7.5 ], "texture": "#wheel" },
				"up": { "uv": [ 0, 7.5, 0, 8.5 ], "texture": "#wheel" },
				"north": { "uv": [ 16, 15.5, 16, 16 ], "texture": "#wheel" },
				"south": { "uv": [ 0, 15.5, 0, 16 ], "texture": "#wheel" },
				"west": { "uv": [ 7.5, 15.5, 8.5, 16 ], "texture": "#wheel" },
				"east": { "uv": [ 7.5, 15.5, 8.5, 16 ], "texture": "#wheel" }
			}
		},
		{
			"__comment": "Element",
			"from": [ -6.5, 2.5, 7.5 ],
			"to": [ -6, 6.5, 8.5 ],
			"faces": {
				"down": { "uv": [ 16, 8.5, 16, 7.5 ], "texture": "#wheel" },
				"up": { "uv": [ 0, 7.5, 0, 8.5 ], "texture": "#wheel" },
				"north": { "uv": [ 16, 9.5, 16, 13.5 ], "texture": "#wheel" },
				"south": { "uv": [ 0, 9.5, 0, 13.5 ], "texture": "#wheel" },
				"west": { "uv": [ 7.5, 9.5, 8.5, 13.5 ], "texture": "#wheel" },
				"east": { "uv": [ 7.5, 9.5, 8.5, 13.5 ], "texture": "#wheel" }
			}
		},
		{
			"__comment": "Element",
			"from": [ -4.5, 8, 7.5 ],
			"to": [ -4, 8.5, 8.5 ],
			"faces": {
				"down": { "uv": [ 16, 8.5, 16, 7.5 ], "texture": "#wheel" },
				"up": { "uv": [ 0, 7.5, 0, 8.5 ], "texture": "#wheel" },
				"north": { "uv": [ 16, 7.5, 16, 8 ], "texture": "#wheel" },
				"south": { "uv": [ 0, 7.5, 0, 8 ], "texture": "#wheel" },
				"west": { "uv": [ 7.5, 7.5, 8.5, 8 ], "texture": "#wheel" },
				"east": { "uv": [ 7.5, 7.5, 8.5, 8 ], "texture": "#wheel" }
			}
		},
		{
			"__comment": "Element",
			"from": [ -5, 7.5, 7.5 ],
			"to": [ -4.5, 8, 8.5 ],
			"faces": {
				"down": { "uv": [ 16, 8.5, 16, 7.5 ], "texture": "#wheel" },
				"up": { "uv": [ 0, 7.5, 0, 8.5 ], "texture": "#wheel" },
				"north": { "uv": [ 16, 8, 16, 8.5 ], "texture": "#wheel" },
				"south": { "uv": [ 0, 8, 0, 8.5 ], "texture": "#wheel" },
				"west": { "uv": [ 7.5, 8, 8.5, 8.5 ], "texture": "#wheel" },
				"east": { "uv": [ 7.5, 8, 8.5, 8.5 ], "texture": "#wheel" }
			}
		},
		{
			"__comment": "Element",
			"from": [ -5.5, 7, 7.5 ],
			"to": [ -5, 7.5, 8.5 ],
			"faces": {
				"down": { "uv": [ 16, 8.5, 16, 7.5 ], "texture": "#wheel" },
				"up": { "uv": [ 0, 7.5, 0, 8.5 ], "texture": "#wheel" },
				"north": { "uv": [ 16, 8.5, 16, 9 ], "texture": "#wheel" },
				"south": { "uv": [ 0, 8.5, 0, 9 ], "texture": "#wheel" },
				"west": { "uv": [ 7.5, 8.5, 8.5, 9 ], "texture": "#wheel" },
				"east": { "uv": [ 7.5, 8.5, 8.5, 9 ], "texture": "#wheel" }
			}
		},
		{
			"__comment": "Element",
			"from": [ -6, 6.5, 7.5 ],
			"to": [ -5.5, 7, 8.5 ],
			"faces": {
				"down": { "uv": [ 16, 8.5, 16, 7.5 ], "texture": "#wheel" },
				"up": { "uv": [ 0, 7.5, 0, 8.5 ], "texture": "#wheel" },
				"north": { "uv": [ 16, 9, 16, 9.5 ], "texture": "#wheel" },
				"south": { "uv": [ 0, 9, 0, 9.5 ], "texture": "#wheel" },
				"west": { "uv": [ 7.5, 9, 8.5, 9.5 ], "texture": "#wheel" },
				"east": { "uv": [ 7.5, 9, 8.5, 9.5 ], "texture": "#wheel" }
			}
		},
		{
			"__comment": "Element",
			"from": [ -6, 2, 7.5 ],
			"to": [ -5.5, 2.5, 8.5 ],
			"faces": {
				"down": { "uv": [ 16, 8.5, 16, 7.5 ], "texture": "#wheel" },
				"up": { "uv": [ 0, 7.5, 0, 8.5 ], "texture": "#wheel" },
				"north": { "uv": [ 16, 13.5, 16, 14 ], "texture": "#wheel" },
				"south": { "uv": [ 0, 13.5, 0, 14 ], "texture": "#wheel" },
				"west": { "uv": [ 7.5, 13.5, 8.5, 14 ], "texture": "#wheel" },
				"east": { "uv": [ 7.5, 13.5, 8.5, 14 ], "texture": "#wheel" }
			}
		},
		{
			"__comment": "Element",
			"from": [ -5.5, 1.5, 7.5 ],
			"to": [ -5, 2, 8.5 ],
			"faces": {
				"down": { "uv": [ 16, 8.5, 16, 7.5 ], "texture": "#wheel" },
				"up": { "uv": [ 0, 7.5, 0, 8.5 ], "texture": "#wheel" },
				"north": { "uv": [ 16, 14, 16, 14.5 ], "texture": "#wheel" },
				"south": { "uv": [ 0, 14, 0, 14.5 ], "texture": "#wheel" },
				"west": { "uv": [ 7.5, 14, 8.5, 14.5 ], "texture": "#wheel" },
				"east": { "uv": [ 7.5, 14, 8.5, 14.5 ], "texture": "#wheel" }
			}
		},
		{
			"__comment": "Element",
			"from": [ -5, 1, 7.5 ],
			"to": [ -4.5, 1.5, 8.5 ],
			"faces": {
				"down": { "uv": [ 16, 8.5, 16, 7.5 ], "texture": "#wheel" },
				"up": { "uv": [ 0, 7.5, 0, 8.5 ], "texture": "#wheel" },
				"north": { "uv": [ 16, 14.5, 16, 15 ], "texture": "#wheel" },
				"south": { "uv": [ 0, 14.5, 0, 15 ], "texture": "#wheel" },
				"west": { "uv": [ 7.5, 14.5, 8.5, 15 ], "texture": "#wheel" },
				"east": { "uv": [ 7.5, 14.5, 8.5, 15 ], "texture": "#wheel" }
			}
		},
		{
			"__comment": "Element",
			"from": [ -4.5, 0.5, 7.5 ],
			"to": [ -4, 1, 8.5 ],
			"faces": {
				"down": { "uv": [ 16, 8.5, 16, 7.5 ], "texture": "#wheel" },
				"up": { "uv": [ 0, 7.5, 0, 8.5 ], "texture": "#wheel" },
				"north": { "uv": [ 16, 15, 16, 15.5 ], "texture": "#wheel" },
				"south": { "uv": [ 0, 15, 0, 15.5 ], "texture": "#wheel" },
				"west": { "uv": [ 7.5, 15, 8.5, 15.5 ], "texture": "#wheel" },
				"east": { "uv": [ 7.5, 15, 8.5, 15.5 ], "texture": "#wheel" }
			}
		},
		{
			"__comment": "Element",
			"from": [ -4.5, 7.5, 7 ],
			"to": [ -4, 8, 9 ],
			"faces": {
				"down": { "uv": [ 16, 9, 16, 7 ], "texture": "#wheel" },
				"up": { "uv": [ 0, 7, 0, 9 ], "texture": "#wheel" },
				"north": { "uv": [ 16, 8, 16, 8.5 ], "texture": "#wheel" },
				"south": { "uv": [ 0, 8, 0, 8.5 ], "texture": "#wheel" },
				"west": { "uv": [ 7, 8, 9, 8.5 ], "texture": "#wheel" },
				"east": { "uv": [ 7, 8, 9, 8.5 ], "texture": "#wheel" }
			}
		},
		{
			"__comment": "Element",
			"from": [ -5.5, 6.5, 7 ],
			"to": [ -5, 7, 9 ],
			"faces": {
				"down": { "uv": [ 16, 9, 16, 7 ], "texture": "#wheel" },
				"up": { "uv": [ 0, 7, 0, 9 ], "texture": "#wheel" },
				"north": { "uv": [ 16, 9, 16, 9.5 ], "texture": "#wheel" },
				"south": { "uv": [ 0, 9, 0, 9.5 ], "texture": "#wheel" },
				"west": { "uv": [ 7, 9, 9, 9.5 ], "texture": "#wheel" },
				"east": { "uv": [ 7, 9, 9, 9.5 ], "texture": "#wheel" }
			}
		},
		{
			"__comment": "Element",
			"from": [ -5.5, 2, 7 ],
			"to": [ -5, 2.5, 9 ],
			"faces": {
				"down": { "uv": [ 16, 9, 16, 7 ], "texture": "#wheel" },
				"up": { "uv": [ 0, 7, 0, 9 ], "texture": "#wheel" },
				"north": { "uv": [ 16, 13.5, 16, 14 ], "texture": "#wheel" },
				"south": { "uv": [ 0, 13.5, 0, 14 ], "texture": "#wheel" },
				"west": { "uv": [ 7, 13.5, 9, 14 ], "texture": "#wheel" },
				"east": { "uv": [ 7, 13.5, 9, 14 ], "texture": "#wheel" }
			}
		},
		{
			"__comment": "Element",
			"from": [ -4.5, 1, 7 ],
			"to": [ -4, 1.5, 9 ],
			"faces": {
				"down": { "uv": [ 16, 9, 16, 7 ], "texture": "#wheel" },
				"up": { "uv": [ 0, 7, 0, 9 ], "texture": "#wheel" },
				"north": { "uv": [ 16, 14.5, 16, 15 ], "texture": "#wheel" },
				"south": { "uv": [ 0, 14.5, 0, 15 ], "texture": "#wheel" },
				"west": { "uv": [ 7, 14.5, 9, 15 ], "texture": "#wheel" },
				"east": { "uv": [ 7, 14.5, 9, 15 ], "texture": "#wheel" }
			}
		},
		{
			"__comment": "Element",
			"from": [ 0, 1, 7 ],
			"to": [ 0.5, 1.5, 9 ],
			"faces": {
				"down": { "uv": [ 16, 9, 15.5, 7 ], "texture": "#wheel" },
				"up": { "uv": [ 0, 7, 0.5, 9 ], "texture": "#wheel" },
				"north": { "uv": [ 15.5, 14.5, 16, 15 ], "texture": "#wheel" },
				"south": { "uv": [ 0, 14.5, 0.5, 15 ], "texture": "#wheel" },
				"west": { "uv": [ 7, 14.5, 9, 15 ], "texture": "#wheel" },
				"east": { "uv": [ 7, 14.5, 9, 15 ], "texture": "#wheel" }
			}
		},
		{
			"__comment": "Element",
			"from": [ 1, 2, 7 ],
			"to": [ 1.5, 2.5, 9 ],
			"faces": {
				"down": { "uv": [ 15, 9, 14.5, 7 ], "texture": "#wheel" },
				"up": { "uv": [ 1, 7, 1.5, 9 ], "texture": "#wheel" },
				"north": { "uv": [ 14.5, 13.5, 15, 14 ], "texture": "#wheel" },
				"south": { "uv": [ 1, 13.5, 1.5, 14 ], "texture": "#wheel" },
				"west": { "uv": [ 7, 13.5, 9, 14 ], "texture": "#wheel" },
				"east": { "uv": [ 7, 13.5, 9, 14 ], "texture": "#wheel" }
			}
		},
		{
			"__comment": "Element",
			"from": [ 0.5, 2.5, 7 ],
			"to": [ 1, 3, 9 ],
			"faces": {
				"down": { "uv": [ 15.5, 9, 15, 7 ], "texture": "#wheel" },
				"up": { "uv": [ 0.5, 7, 1, 9 ], "texture": "#wheel" },
				"north": { "uv": [ 15, 13, 15.5, 13.5 ], "texture": "#wheel" },
				"south": { "uv": [ 0.5, 13, 1, 13.5 ], "texture": "#wheel" },
				"west": { "uv": [ 7, 13, 9, 13.5 ], "texture": "#wheel" },
				"east": { "uv": [ 7, 13, 9, 13.5 ], "texture": "#wheel" }
			}
		},
		{
			"__comment": "Element",
			"from": [ -0.5, 1.5, 7 ],
			"to": [ 0, 2, 9 ],
			"faces": {
				"down": { "uv": [ 16, 9, 16, 7 ], "texture": "#wheel" },
				"up": { "uv": [ 0, 7, 0, 9 ], "texture": "#wheel" },
				"north": { "uv": [ 16, 14, 16, 14.5 ], "texture": "#wheel" },
				"south": { "uv": [ 0, 14, 0, 14.5 ], "texture": "#wheel" },
				"west": { "uv": [ 7, 14, 9, 14.5 ], "texture": "#wheel" },
				"east": { "uv": [ 7, 14, 9, 14.5 ], "texture": "#wheel" }
			}
		},
		{
			"__comment": "Element",
			"from": [ -4, 1.5, 7 ],
			"to": [ -3.5, 2, 9 ],
			"faces": {
				"down": { "uv": [ 16, 9, 16, 7 ], "texture": "#wheel" },
				"up": { "uv": [ 0, 7, 0, 9 ], "texture": "#wheel" },
				"north": { "uv": [ 16, 14, 16, 14.5 ], "texture": "#wheel" },
				"south": { "uv": [ 0, 14, 0, 14.5 ], "texture": "#wheel" },
				"west": { "uv": [ 7, 14, 9, 14.5 ], "texture": "#wheel" },
				"east": { "uv": [ 7, 14, 9, 14.5 ], "texture": "#wheel" }
			}
		},
		{
			"__comment": "Element",
			"from": [ -5, 2.5, 7 ],
			"to": [ -4.5, 3, 9 ],
			"faces": {
				"down": { "uv": [ 16, 9, 16, 7 ], "texture": "#wheel" },
				"up": { "uv": [ 0, 7, 0, 9 ], "texture": "#wheel" },
				"north": { "uv": [ 16, 13, 16, 13.5 ], "texture": "#wheel" },
				"south": { "uv": [ 0, 13, 0, 13.5 ], "texture": "#wheel" },
				"west": { "uv": [ 7, 13, 9, 13.5 ], "texture": "#wheel" },
				"east": { "uv": [ 7, 13, 9, 13.5 ], "texture": "#wheel" }
			}
		},
		{
			"__comment": "Element",
			"from": [ -5, 6, 7 ],
			"to": [ -4.5, 6.5, 9 ],
			"faces": {
				"down": { "uv": [ 16, 9, 16, 7 ], "texture": "#wheel" },
				"up": { "uv": [ 0, 7, 0, 9 ], "texture": "#wheel" },
				"north": { "uv": [ 16, 9.5, 16, 10 ], "texture": "#wheel" },
				"south": { "uv": [ 0, 9.5, 0, 10 ], "texture": "#wheel" },
				"west": { "uv": [ 7, 9.5, 9, 10 ], "texture": "#wheel" },
				"east": { "uv": [ 7, 9.5, 9, 10 ], "texture": "#wheel" }
			}
		},
		{
			"__comment": "Element",
			"from": [ -4, 7, 7 ],
			"to": [ -3.5, 7.5, 9 ],
			"faces": {
				"down": { "uv": [ 16, 9, 16, 7 ], "texture": "#wheel" },
				"up": { "uv": [ 0, 7, 0, 9 ], "texture": "#wheel" },
				"north": { "uv": [ 16, 8.5, 16, 9 ], "texture": "#wheel" },
				"south": { "uv": [ 0, 8.5, 0, 9 ], "texture": "#wheel" },
				"west": { "uv": [ 7, 8.5, 9, 9 ], "texture": "#wheel" },
				"east": { "uv": [ 7, 8.5, 9, 9 ], "texture": "#wheel" }
			}
		},
		{
			"__comment": "Element",
			"from": [ 21, -0.5625, 7.8125 ],
			"to": [ 21.5, 7.4375, 8.3125 ],
			"rotation": { "origin": [ 21, 7.4375, 7.8125 ], "axis": "z", "angle": -45 },
			"faces": {
				"down": { "uv": [ 16, 5, 16, 4 ], "texture": "#spaak" },
				"up": { "uv": [ 0, 4, 0, 5 ], "texture": "#spaak" },
				"north": { "uv": [ 16, 1, 16, 6 ], "texture": "#spaak" },
				"south": { "uv": [ 0, 1, 0, 6 ], "texture": "#spaak" },
				"west": { "uv": [ 4, 1, 5, 6 ], "texture": "#spaak" },
				"east": { "uv": [ 11, 1, 12, 6 ], "texture": "#spaak" }
			}
		},
		{
			"__comment": "Element",
			"from": [ 15, -1, 7.8125 ],
			"to": [ 15.5, 7, 8.3125 ],
			"rotation": { "origin": [ 15, 7, 7.8125 ], "axis": "z", "angle": 45 },
			"faces": {
				"down": { "uv": [ 16, 5, 16, 4 ], "texture": "#spaak" },
				"up": { "uv": [ 0, 4, 0, 5 ], "texture": "#spaak" },
				"north": { "uv": [ 16, 1, 16, 6 ], "texture": "#spaak" },
				"south": { "uv": [ 0, 1, 0, 6 ], "texture": "#spaak" },
				"west": { "uv": [ 4, 1, 5, 6 ], "texture": "#spaak" },
				"east": { "uv": [ 11, 1, 12, 6 ], "texture": "#spaak" }
			}
		},
		{
			"__comment": "Element",
			"from": [ 16.5, 0, 7.8125 ],
			"to": [ 17, 8, 8.3125 ],
			"rotation": { "origin": [ 16.5, 8, 7.8125 ], "axis": "z", "angle": 22.5 },
			"faces": {
				"down": { "uv": [ 16, 5, 16, 4 ], "texture": "#spaak" },
				"up": { "uv": [ 0, 4, 0, 5 ], "texture": "#spaak" },
				"north": { "uv": [ 16, 1, 16, 6 ], "texture": "#spaak" },
				"south": { "uv": [ 0, 1, 0, 6 ], "texture": "#spaak" },
				"west": { "uv": [ 4, 1, 5, 6 ], "texture": "#spaak" },
				"east": { "uv": [ 11, 1, 12, 6 ], "texture": "#spaak" }
			}
		},
		{
			"__comment": "Element",
			"from": [ 19.5, 0.5, 7.8125 ],
			"to": [ 20, 8.5, 8.3125 ],
			"rotation": { "origin": [ 19.5, 8.5, 7.8125 ], "axis": "z", "angle": -22.5 },
			"faces": {
				"down": { "uv": [ 16, 5, 16, 4 ], "texture": "#spaak" },
				"up": { "uv": [ 0, 4, 0, 5 ], "texture": "#spaak" },
				"north": { "uv": [ 16, 1, 16, 6 ], "texture": "#spaak" },
				"south": { "uv": [ 0, 1, 0, 6 ], "texture": "#spaak" },
				"west": { "uv": [ 4, 1, 5, 6 ], "texture": "#spaak" },
				"east": { "uv": [ 11, 1, 12, 6 ], "texture": "#spaak" }
			}
		},
		{
			"__comment": "Element",
			"from": [ 18, 0.5, 7.8125 ],
			"to": [ 18.5, 8.5, 8.3125 ],
			"faces": {
				"down": { "uv": [ 16, 5, 16, 4 ], "texture": "#spaak" },
				"up": { "uv": [ 0, 4, 0, 5 ], "texture": "#spaak" },
				"north": { "uv": [ 16, 1, 16, 6 ], "texture": "#spaak" },
				"south": { "uv": [ 0, 1, 0, 6 ], "texture": "#spaak" },
				"west": { "uv": [ 4, 1, 5, 6 ], "texture": "#spaak" },
				"east": { "uv": [ 11, 1, 12, 6 ], "texture": "#spaak" }
			}
		},
		{
			"__comment": "Element",
			"from": [ 13.8125, 4.1875, 7.8125 ],
			"to": [ 22.3125, 4.6875, 8.3125 ],
			"faces": {
				"down": { "uv": [ 16, 5, 16, 4 ], "texture": "#spaak" },
				"up": { "uv": [ 0, 4, 0, 5 ], "texture": "#spaak" },
				"north": { "uv": [ 16, 1, 16, 6 ], "texture": "#spaak" },
				"south": { "uv": [ 0, 1, 0, 6 ], "texture": "#spaak" },
				"west": { "uv": [ 4, 1, 5, 6 ], "texture": "#spaak" },
				"east": { "uv": [ 11, 1, 12, 6 ], "texture": "#spaak" }
			}
		},
		{
			"__comment": "Element",
			"from": [ 14.375, 5.75, 7.8125 ],
			"to": [ 22.875, 6.25, 8.3125 ],
			"rotation": { "origin": [ 14.375, 6.25, 7.8125 ], "axis": "z", "angle": -22.5 },
			"faces": {
				"down": { "uv": [ 16, 5, 16, 4 ], "texture": "#spaak" },
				"up": { "uv": [ 0, 4, 0, 5 ], "texture": "#spaak" },
				"north": { "uv": [ 16, 1, 16, 6 ], "texture": "#spaak" },
				"south": { "uv": [ 0, 1, 0, 6 ], "texture": "#spaak" },
				"west": { "uv": [ 4, 1, 5, 6 ], "texture": "#spaak" },
				"east": { "uv": [ 11, 1, 12, 6 ], "texture": "#spaak" }
			}
		},
		{
			"__comment": "Element",
			"from": [ 14.375, 2.4375, 7.8125 ],
			"to": [ 22.875, 2.9375, 8.3125 ],
			"rotation": { "origin": [ 14.375, 2.9375, 7.8125 ], "axis": "z", "angle": 22.5 },
			"faces": {
				"down": { "uv": [ 16, 5, 16, 4 ], "texture": "#spaak" },
				"up": { "uv": [ 0, 4, 0, 5 ], "texture": "#spaak" },
				"north": { "uv": [ 16, 1, 16, 6 ], "texture": "#spaak" },
				"south": { "uv": [ 0, 1, 0, 6 ], "texture": "#spaak" },
				"west": { "uv": [ 4, 1, 5, 6 ], "texture": "#spaak" },
				"east": { "uv": [ 11, 1, 12, 6 ], "texture": "#spaak" }
			}
		},
		{
			"__comment": "Element",
			"from": [ 0.5, -0.5625, 7.8125 ],
			"to": [ 1, 7.4375, 8.3125 ],
			"rotation": { "origin": [ 0.5, 7.4375, 7.8125 ], "axis": "z", "angle": -45 },
			"faces": {
				"down": { "uv": [ 16, 5, 16, 4 ], "texture": "#spaak" },
				"up": { "uv": [ 0, 4, 0, 5 ], "texture": "#spaak" },
				"north": { "uv": [ 16, 1, 16, 6 ], "texture": "#spaak" },
				"south": { "uv": [ 0, 1, 0, 6 ], "texture": "#spaak" },
				"west": { "uv": [ 4, 1, 5, 6 ], "texture": "#spaak" },
				"east": { "uv": [ 11, 1, 12, 6 ], "texture": "#spaak" }
			}
		},
		{
			"__comment": "Element",
			"from": [ -5, -1, 7.8125 ],
			"to": [ -4.5, 7, 8.3125 ],
			"rotation": { "origin": [ -5, 7, 7.8125 ], "axis": "z", "angle": 45 },
			"faces": {
				"down": { "uv": [ 16, 5, 16, 4 ], "texture": "#spaak" },
				"up": { "uv": [ 0, 4, 0, 5 ], "texture": "#spaak" },
				"north": { "uv": [ 16, 1, 16, 6 ], "texture": "#spaak" },
				"south": { "uv": [ 0, 1, 0, 6 ], "texture": "#spaak" },
				"west": { "uv": [ 4, 1, 5, 6 ], "texture": "#spaak" },
				"east": { "uv": [ 11, 1, 12, 6 ], "texture": "#spaak" }
			}
		},
		{
			"__comment": "Element",
			"from": [ -4, 0, 7.8125 ],
			"to": [ -3.5, 8, 8.3125 ],
			"rotation": { "origin": [ -4, 8, 7.8125 ], "axis": "z", "angle": 22.5 },
			"faces": {
				"down": { "uv": [ 16, 5, 16, 4 ], "texture": "#spaak" },
				"up": { "uv": [ 0, 4, 0, 5 ], "texture": "#spaak" },
				"north": { "uv": [ 16, 1, 16, 6 ], "texture": "#spaak" },
				"south": { "uv": [ 0, 1, 0, 6 ], "texture": "#spaak" },
				"west": { "uv": [ 4, 1, 5, 6 ], "texture": "#spaak" },
				"east": { "uv": [ 11, 1, 12, 6 ], "texture": "#spaak" }
			}
		},
		{
			"__comment": "Element",
			"from": [ -1, 0.5, 7.8125 ],
			"to": [ -0.5, 8.5, 8.3125 ],
			"rotation": { "origin": [ -1, 8.5, 7.8125 ], "axis": "z", "angle": -22.5 },
			"faces": {
				"down": { "uv": [ 16, 5, 16, 4 ], "texture": "#spaak" },
				"up": { "uv": [ 0, 4, 0, 5 ], "texture": "#spaak" },
				"north": { "uv": [ 16, 1, 16, 6 ], "texture": "#spaak" },
				"south": { "uv": [ 0, 1, 0, 6 ], "texture": "#spaak" },
				"west": { "uv": [ 4, 1, 5, 6 ], "texture": "#spaak" },
				"east": { "uv": [ 11, 1, 12, 6 ], "texture": "#spaak" }
			}
		},
		{
			"__comment": "Element",
			"from": [ -2.5, 0.5, 7.8125 ],
			"to": [ -2, 8.5, 8.3125 ],
			"faces": {
				"down": { "uv": [ 16, 5, 16, 4 ], "texture": "#spaak" },
				"up": { "uv": [ 0, 4, 0, 5 ], "texture": "#spaak" },
				"north": { "uv": [ 16, 1, 16, 6 ], "texture": "#spaak" },
				"south": { "uv": [ 0, 1, 0, 6 ], "texture": "#spaak" },
				"west": { "uv": [ 4, 1, 5, 6 ], "texture": "#spaak" },
				"east": { "uv": [ 11, 1, 12, 6 ], "texture": "#spaak" }
			}
		},
		{
			"__comment": "Element",
			"from": [ -6.125, 4.1875, 7.8125 ],
			"to": [ 2.375, 4.6875, 8.3125 ],
			"faces": {
				"down": { "uv": [ 16, 5, 16, 4 ], "texture": "#spaak" },
				"up": { "uv": [ 0, 4, 0, 5 ], "texture": "#spaak" },
				"north": { "uv": [ 16, 1, 16, 6 ], "texture": "#spaak" },
				"south": { "uv": [ 0, 1, 0, 6 ], "texture": "#spaak" },
				"west": { "uv": [ 4, 1, 5, 6 ], "texture": "#spaak" },
				"east": { "uv": [ 11, 1, 12, 6 ], "texture": "#spaak" }
			}
		},
		{
			"__comment": "Element",
			"from": [ -6.125, 5.75, 7.8125 ],
			"to": [ 2.375, 6.25, 8.3125 ],
			"rotation": { "origin": [ -6.125, 6.25, 7.8125 ], "axis": "z", "angle": -22.5 },
			"faces": {
				"down": { "uv": [ 16, 5, 16, 4 ], "texture": "#spaak" },
				"up": { "uv": [ 0, 4, 0, 5 ], "texture": "#spaak" },
				"north": { "uv": [ 16, 1, 16, 6 ], "texture": "#spaak" },
				"south": { "uv": [ 0, 1, 0, 6 ], "texture": "#spaak" },
				"west": { "uv": [ 4, 1, 5, 6 ], "texture": "#spaak" },
				"east": { "uv": [ 11, 1, 12, 6 ], "texture": "#spaak" }
			}
		},
		{
			"__comment": "Element",
			"from": [ -5.875, 2.625, 7.8125 ],
			"to": [ 2.625, 3.125, 8.3125 ],
			"rotation": { "origin": [ -5.875, 3.125, 7.8125 ], "axis": "z", "angle": 22.5 },
			"faces": {
				"down": { "uv": [ 16, 5, 16, 4 ], "texture": "#spaak" },
				"up": { "uv": [ 0, 4, 0, 5 ], "texture": "#spaak" },
				"north": { "uv": [ 16, 1, 16, 6 ], "texture": "#spaak" },
				"south": { "uv": [ 0, 1, 0, 6 ], "texture": "#spaak" },
				"west": { "uv": [ 4, 1, 5, 6 ], "texture": "#spaak" },
				"east": { "uv": [ 11, 1, 12, 6 ], "texture": "#spaak" }
			}
		},
		{
			"__comment": "Element",
			"from": [ 1.6875, 3.5625, 9 ],
			"to": [ 2.6875, 15.0625, 10 ],
			"rotation": { "origin": [ 1.6875, 15.0625, 9 ], "axis": "z", "angle": -22.5 },
			"faces": {
				"down": { "uv": [ 16, 7, 16, 6 ], "texture": "#texture", "tintindex": 0 },
				"up": { "uv": [ 0, 6, 0, 7 ], "texture": "#texture", "tintindex": 0 },
				"north": { "uv": [ 16, 1.5, 16, 11.5 ], "texture": "#texture", "tintindex": 0 },
				"south": { "uv": [ 0, 1.5, 0, 11.5 ], "texture": "#texture", "tintindex": 0 },
				"west": { "uv": [ 6, 1.5, 7, 11.5 ], "texture": "#texture", "tintindex": 0 },
				"east": { "uv": [ 9, 1.5, 10, 11.5 ], "texture": "#texture", "tintindex": 0 }
			}
		},
		{
			"__comment": "Element",
			"from": [ -2.5, 4, 7 ],
			"to": [ -1.5, 5, 9 ],
			"faces": {
				"down": { "uv": [ 16, 9, 16, 7 ], "texture": "#texture", "tintindex": 0 },
				"up": { "uv": [ 0, 7, 0, 9 ], "texture": "#texture", "tintindex": 0 },
				"north": { "uv": [ 16, 11, 16, 12 ], "texture": "#texture", "tintindex": 0 },
				"south": { "uv": [ 0, 11, 0, 12 ], "texture": "#texture", "tintindex": 0 },
				"west": { "uv": [ 7, 11, 9, 12 ], "texture": "#texture", "tintindex": 0 },
				"east": { "uv": [ 7, 11, 9, 12 ], "texture": "#texture", "tintindex": 0 }
			}
		},
		{
			"__comment": "Element",
			"from": [ 1.75, 3.5625, 6.0625 ],
			"to": [ 2.75, 15.0625, 7.0625 ],
			"rotation": { "origin": [ 1.75, 15.0625, 6.0625 ], "axis": "z", "angle": -22.5 },
			"faces": {
				"down": { "uv": [ 16, 7, 16, 6 ], "texture": "#texture", "tintindex": 0 },
				"up": { "uv": [ 0, 6, 0, 7 ], "texture": "#texture", "tintindex": 0 },
				"north": { "uv": [ 16, 1.5, 16, 11.5 ], "texture": "#texture", "tintindex": 0 },
				"south": { "uv": [ 0, 1.5, 0, 11.5 ], "texture": "#texture", "tintindex": 0 },
				"west": { "uv": [ 6, 1.5, 7, 11.5 ], "texture": "#texture", "tintindex": 0 },
				"east": { "uv": [ 9, 1.5, 10, 11.5 ], "texture": "#texture", "tintindex": 0 }
			}
		},
		{
			"__comment": "Element",
			"from": [ 9.125, 7.375, 6 ],
			"to": [ 19.625, 8.375, 7 ],
			"rotation": { "origin": [ 9.125, 8.375, 6 ], "axis": "z", "angle": -22.5 },
			"faces": {
				"down": { "uv": [ 9.5, 5, 0, 4 ], "texture": "#texture", "tintindex": 0 },
				"up": { "uv": [ 6.5, 4, 16, 5 ], "texture": "#texture", "tintindex": 0 },
				"north": { "uv": [ 0, 9.5, 9.5, 10.5 ], "texture": "#texture", "tintindex": 0 },
				"south": { "uv": [ 6.5, 9.5, 16, 10.5 ], "texture": "#texture", "tintindex": 0 },
				"west": { "uv": [ 4, 9.5, 5, 10.5 ], "texture": "#texture", "tintindex": 0 },
				"east": { "uv": [ 11, 9.5, 12, 10.5 ], "texture": "#texture", "tintindex": 0 }
			}
		},
		{
			"__comment": "Element",
			"from": [ 9, 7.375, 9 ],
			"to": [ 19.5, 8.375, 10 ],
			"rotation": { "origin": [ 9, 8.375, 9 ], "axis": "z", "angle": -22.5 },
			"faces": {
				"down": { "uv": [ 9.5, 5, 0, 4 ], "texture": "#texture", "tintindex": 0 },
				"up": { "uv": [ 6.5, 4, 16, 5 ], "texture": "#texture", "tintindex": 0 },
				"north": { "uv": [ 0, 9.5, 9.5, 10.5 ], "texture": "#texture", "tintindex": 0 },
				"south": { "uv": [ 6.5, 9.5, 16, 10.5 ], "texture": "#texture", "tintindex": 0 },
				"west": { "uv": [ 4, 9.5, 5, 10.5 ], "texture": "#texture", "tintindex": 0 },
				"east": { "uv": [ 11, 9.5, 12, 10.5 ], "texture": "#texture", "tintindex": 0 }
			}
		},
		{
			"__comment": "Element",
			"from": [ -2.375, 11.5, 6.625 ],
			"to": [ 0.625, 12, 9.625 ],
			"faces": {
				"down": { "uv": [ 9.5, 5, 0, 4 ], "texture": "#texture", "tintindex": 0 },
				"up": { "uv": [ 6.5, 4, 16, 5 ], "texture": "#texture", "tintindex": 0 },
				"north": { "uv": [ 0, 9.5, 9.5, 10.5 ], "texture": "#texture", "tintindex": 0 },
				"south": { "uv": [ 6.5, 9.5, 16, 10.5 ], "texture": "#texture", "tintindex": 0 },
				"west": { "uv": [ 4, 9.5, 5, 10.5 ], "texture": "#texture", "tintindex": 0 },
				"east": { "uv": [ 11, 9.5, 12, 10.5 ], "texture": "#texture", "tintindex": 0 }
			}
		},
		{
			"__comment": "Element",
			"from": [ -4.875, 10.5, 6.5625 ],
			"to": [ -2.375, 11, 9.5625 ],
			"rotation": { "origin": [ -4.875, 11, 6.5625 ], "axis": "z", "angle": 22.5 },
			"faces": {
				"down": { "uv": [ 9.5, 5, 0, 4 ], "texture": "#texture", "tintindex": 0 },
				"up": { "uv": [ 6.5, 4, 16, 5 ], "texture": "#texture", "tintindex": 0 },
				"north": { "uv": [ 0, 9.5, 9.5, 10.5 ], "texture": "#texture", "tintindex": 0 },
				"south": { "uv": [ 6.5, 9.5, 16, 10.5 ], "texture": "#texture", "tintindex": 0 },
				"west": { "uv": [ 4, 9.5, 5, 10.5 ], "texture": "#texture", "tintindex": 0 },
				"east": { "uv": [ 11, 9.5, 12, 10.5 ], "texture": "#texture", "tintindex": 0 }
			}
		},
		{
			"__comment": "Element",
			"from": [ 5, 5.5, 9 ],
			"to": [ 11.5, 6.5, 10 ],
			"faces": {
				"down": { "uv": [ 9.5, 5, 0, 4 ], "texture": "#texture", "tintindex": 0 },
				"up": { "uv": [ 6.5, 4, 16, 5 ], "texture": "#texture", "tintindex": 0 },
				"north": { "uv": [ 0, 9.5, 9.5, 10.5 ], "texture": "#texture", "tintindex": 0 },
				"south": { "uv": [ 6.5, 9.5, 16, 10.5 ], "texture": "#texture", "tintindex": 0 },
				"west": { "uv": [ 4, 9.5, 5, 10.5 ], "texture": "#texture", "tintindex": 0 },
				"east": { "uv": [ 11, 9.5, 12, 10.5 ], "texture": "#texture", "tintindex": 0 }
			}
		},
		{
			"__comment": "Element",
			"from": [ 1, 10, 8.5 ],
			"to": [ 7.5, 11, 9.5 ],
			"rotation": { "origin": [ 1, 11, 8.5 ], "axis": "z", "angle": -45 },
			"faces": {
				"down": { "uv": [ 9.5, 5, 0, 4 ], "texture": "#texture", "tintindex": 0 },
				"up": { "uv": [ 6.5, 4, 16, 5 ], "texture": "#texture", "tintindex": 0 },
				"north": { "uv": [ 0, 9.5, 9.5, 10.5 ], "texture": "#texture", "tintindex": 0 },
				"south": { "uv": [ 6.5, 9.5, 16, 10.5 ], "texture": "#texture", "tintindex": 0 },
				"west": { "uv": [ 4, 9.5, 5, 10.5 ], "texture": "#texture", "tintindex": 0 },
				"east": { "uv": [ 11, 9.5, 12, 10.5 ], "texture": "#texture", "tintindex": 0 }
			}
		},
		{
			"__comment": "Element",
			"from": [ 1, 10, 6.5 ],
			"to": [ 7.5, 11, 7.5 ],
			"rotation": { "origin": [ 1, 11, 6.5 ], "axis": "z", "angle": -45 },
			"faces": {
				"down": { "uv": [ 9.5, 5, 0, 4 ], "texture": "#texture", "tintindex": 0 },
				"up": { "uv": [ 6.5, 4, 16, 5 ], "texture": "#texture", "tintindex": 0 },
				"north": { "uv": [ 0, 9.5, 9.5, 10.5 ], "texture": "#texture", "tintindex": 0 },
				"south": { "uv": [ 6.5, 9.5, 16, 10.5 ], "texture": "#texture", "tintindex": 0 },
				"west": { "uv": [ 4, 9.5, 5, 10.5 ], "texture": "#texture", "tintindex": 0 },
				"east": { "uv": [ 11, 9.5, 12, 10.5 ], "texture": "#texture", "tintindex": 0 }
			}
		},
		{
			"__comment": "Element",
			"from": [ 5, 5.5, 6 ],
			"to": [ 11.5, 6.5, 7 ],
			"faces": {
				"down": { "uv": [ 9.5, 5, 0, 4 ], "texture": "#texture", "tintindex": 0 },
				"up": { "uv": [ 6.5, 4, 16, 5 ], "texture": "#texture", "tintindex": 0 },
				"north": { "uv": [ 0, 9.5, 9.5, 10.5 ], "texture": "#texture", "tintindex": 0 },
				"south": { "uv": [ 6.5, 9.5, 16, 10.5 ], "texture": "#texture", "tintindex": 0 },
				"west": { "uv": [ 4, 9.5, 5, 10.5 ], "texture": "#texture", "tintindex": 0 },
				"east": { "uv": [ 11, 9.5, 12, 10.5 ], "texture": "#texture", "tintindex": 0 }
			}
		},
		{
			"__comment": "Element",
			"from": [ 10.375, 6.1875, 9 ],
			"to": [ 11.375, 10.6875, 10 ],
			"rotation": { "origin": [ 10.375, 10.6875, 9 ], "axis": "z", "angle": -22.5 },
			"faces": {
				"down": { "uv": [ 9.5, 5, 0, 4 ], "texture": "#texture", "tintindex": 0 },
				"up": { "uv": [ 6.5, 4, 16, 5 ], "texture": "#texture", "tintindex": 0 },
				"north": { "uv": [ 0, 9.5, 9.5, 10.5 ], "texture": "#texture", "tintindex": 0 },
				"south": { "uv": [ 6.5, 9.5, 16, 10.5 ], "texture": "#texture", "tintindex": 0 },
				"west": { "uv": [ 4, 9.5, 5, 10.5 ], "texture": "#texture", "tintindex": 0 },
				"east": { "uv": [ 11, 9.5, 12, 10.5 ], "texture": "#texture", "tintindex": 0 }
			}
		},
		{
			"__comment": "Element",
			"from": [ 10.375, 6.0625, 6 ],
			"to": [ 11.375, 10.5625, 7 ],
			"rotation": { "origin": [ 10.375, 10.5625, 6 ], "axis": "z", "angle": -22.5 },
			"faces": {
				"down": { "uv": [ 9.5, 5, 0, 4 ], "texture": "#texture", "tintindex": 0 },
				"up": { "uv": [ 6.5, 4, 16, 5 ], "texture": "#texture", "tintindex": 0 },
				"north": { "uv": [ 0, 9.5, 9.5, 10.5 ], "texture": "#texture", "tintindex": 0 },
				"south": { "uv": [ 6.5, 9.5, 16, 10.5 ], "texture": "#texture", "tintindex": 0 },
				"west": { "uv": [ 4, 9.5, 5, 10.5 ], "texture": "#texture", "tintindex": 0 },
				"east": { "uv": [ 11, 9.5, 12, 10.5 ], "texture": "#texture", "tintindex": 0 }
			}
		},
		{
			"__comment": "Element",
			"from": [ 10.9375, 8.5, 5.75 ],
			"to": [ 17.4375, 10, 7.25 ],
			"rotation": { "origin": [ 10.9375, 10, 5.75 ], "axis": "z", "angle": 22.5 },
			"faces": {
				"down": { "uv": [ 9.5, 5, 0, 4 ], "texture": "#spaak" },
				"up": { "uv": [ 6.5, 4, 16, 5 ], "texture": "#spaak" },
				"north": { "uv": [ 0, 9.5, 9.5, 10.5 ], "texture": "#spaak" },
				"south": { "uv": [ 6.5, 9.5, 16, 10.5 ], "texture": "#spaak" },
				"west": { "uv": [ 4, 9.5, 5, 10.5 ], "texture": "#spaak" },
				"east": { "uv": [ 11, 9.5, 12, 10.5 ], "texture": "#spaak" }
			}
		},
		{
			"__comment": "Element",
			"from": [ 10.4375, 9.75, 9 ],
			"to": [ 16.9375, 10.75, 10 ],
			"rotation": { "origin": [ 10.4375, 10.75, 9 ], "axis": "z", "angle": 22.5 },
			"faces": {
				"down": { "uv": [ 9.5, 5, 0, 4 ], "texture": "#texture", "tintindex": 0 },
				"up": { "uv": [ 6.5, 4, 16, 5 ], "texture": "#texture", "tintindex": 0 },
				"north": { "uv": [ 0, 9.5, 9.5, 10.5 ], "texture": "#texture", "tintindex": 0 },
				"south": { "uv": [ 6.5, 9.5, 16, 10.5 ], "texture": "#texture", "tintindex": 0 },
				"west": { "uv": [ 4, 9.5, 5, 10.5 ], "texture": "#texture", "tintindex": 0 },
				"east": { "uv": [ 11, 9.5, 12, 10.5 ], "texture": "#texture", "tintindex": 0 }
			}
		},
		{
			"__comment": "Element",
			"from": [ 10.5, 9.75, 6 ],
			"to": [ 17, 10.75, 7 ],
			"rotation": { "origin": [ 10.5, 10.75, 6 ], "axis": "z", "angle": 22.5 },
			"faces": {
				"down": { "uv": [ 9.5, 5, 0, 4 ], "texture": "#texture", "tintindex": 0 },
				"up": { "uv": [ 6.5, 4, 16, 5 ], "texture": "#texture", "tintindex": 0 },
				"north": { "uv": [ 0, 9.5, 9.5, 10.5 ], "texture": "#texture", "tintindex": 0 },
				"south": { "uv": [ 6.5, 9.5, 16, 10.5 ], "texture": "#texture", "tintindex": 0 },
				"west": { "uv": [ 4, 9.5, 5, 10.5 ], "texture": "#texture", "tintindex": 0 },
				"east": { "uv": [ 11, 9.5, 12, 10.5 ], "texture": "#texture", "tintindex": 0 }
			}
		},
		{
			"__comment": "Element",
			"from": [ 1.4375, 14.5625, 3.3125 ],
			"to": [ 2.4375, 15.5625, 12.3125 ],
			"faces": {
				"down": { "uv": [ 9.5, 5, 0, 4 ], "texture": "#texture", "tintindex": 0 },
				"up": { "uv": [ 6.5, 4, 16, 5 ], "texture": "#texture", "tintindex": 0 },
				"north": { "uv": [ 0, 9.5, 9.5, 10.5 ], "texture": "#texture", "tintindex": 0 },
				"south": { "uv": [ 6.5, 9.5, 16, 10.5 ], "texture": "#texture", "tintindex": 0 },
				"west": { "uv": [ 4, 9.5, 5, 10.5 ], "texture": "#texture", "tintindex": 0 },
				"east": { "uv": [ 11, 9.5, 12, 10.5 ], "texture": "#texture", "tintindex": 0 }
			}
		},
		{
			"__comment": "Element",
			"from": [ 1.0625, 11.75, 6 ],
			"to": [ 1.5625, 14.75, 10 ],
			"rotation": { "origin": [ 1.0625, 14.75, 6 ], "axis": "z", "angle": -22.5 },
			"faces": {
				"down": { "uv": [ 9.5, 5, 0, 4 ], "texture": "#texture", "tintindex": 0 },
				"up": { "uv": [ 6.5, 4, 16, 5 ], "texture": "#texture", "tintindex": 0 },
				"north": { "uv": [ 0, 9.5, 9.5, 10.5 ], "texture": "#texture", "tintindex": 0 },
				"south": { "uv": [ 6.5, 9.5, 16, 10.5 ], "texture": "#texture", "tintindex": 0 },
				"west": { "uv": [ 4, 9.5, 5, 10.5 ], "texture": "#texture", "tintindex": 0 },
				"east": { "uv": [ 11, 9.5, 12, 10.5 ], "texture": "#texture", "tintindex": 0 }
			}
		},
		{
			"__comment": "Element",
			"from": [ 1.5, 14.5625, 12.3125 ],
			"to": [ 2.5, 15.5625, 14.8125 ],
			"rotation": { "origin": [ 1.5, 14.5625, 12.3125 ], "axis": "y", "angle": 22.5 },
			"faces": {
				"down": { "uv": [ 9.5, 5, 0, 4 ], "texture": "#wheel" },
				"up": { "uv": [ 6.5, 4, 16, 5 ], "texture": "#wheel" },
				"north": { "uv": [ 0, 9.5, 9.5, 10.5 ], "texture": "#wheel" },
				"south": { "uv": [ 6.5, 9.5, 16, 10.5 ], "texture": "#wheel" },
				"west": { "uv": [ 4, 9.5, 5, 10.5 ], "texture": "#wheel" },
				"east": { "uv": [ 11, 9.5, 12, 10.5 ], "texture": "#wheel" }
			}
		},
		{
			"__comment": "Element",
			"from": [ 2.25, 14.5625, 1.0625 ],
			"to": [ 3.25, 15.5625, 3.5625 ],
			"rotation": { "origin": [ 2.25, 14.5625, 1.0625 ], "axis": "y", "angle": -22.5 },
			"faces": {
				"down": { "uv": [ 9.5, 5, 0, 4 ], "texture": "#wheel" },
				"up": { "uv": [ 6.5, 4, 16, 5 ], "texture": "#wheel" },
				"north": { "uv": [ 0, 9.5, 9.5, 10.5 ], "texture": "#wheel" },
				"south": { "uv": [ 6.5, 9.5, 16, 10.5 ], "texture": "#wheel" },
				"west": { "uv": [ 4, 9.5, 5, 10.5 ], "texture": "#wheel" },
				"east": { "uv": [ 11, 9.5, 12, 10.5 ], "texture": "#wheel" }
			}
		},
		{
			"__comment": "Element",
			"from": [ 16, 13, 6 ],
			"to": [ 20, 13.5, 10 ],
			"faces": {
				"down": { "uv": [ 9.5, 5, 0, 4 ], "texture": "#texture", "tintindex": 0 },
				"up": { "uv": [ 6.5, 4, 16, 5 ], "texture": "#texture", "tintindex": 0 },
				"north": { "uv": [ 0, 9.5, 9.5, 10.5 ], "texture": "#texture", "tintindex": 0 },
				"south": { "uv": [ 6.5, 9.5, 16, 10.5 ], "texture": "#texture", "tintindex": 0 },
				"west": { "uv": [ 4, 9.5, 5, 10.5 ], "texture": "#texture", "tintindex": 0 },
				"east": { "uv": [ 11, 9.5, 12, 10.5 ], "texture": "#texture", "tintindex": 0 }
			}
		},
		{
			"__comment": "Element",
			"from": [ 11.9375, 11.3125, 6 ],
			"to": [ 16.4375, 11.8125, 10 ],
			"rotation": { "origin": [ 11.9375, 11.8125, 6 ], "axis": "z", "angle": 22.5 },
			"faces": {
				"down": { "uv": [ 9.5, 5, 0, 4 ], "texture": "#texture", "tintindex": 0 },
				"up": { "uv": [ 6.5, 4, 16, 5 ], "texture": "#texture", "tintindex": 0 },
				"north": { "uv": [ 0, 9.5, 9.5, 10.5 ], "texture": "#texture", "tintindex": 0 },
				"south": { "uv": [ 6.5, 9.5, 16, 10.5 ], "texture": "#texture", "tintindex": 0 },
				"west": { "uv": [ 4, 9.5, 5, 10.5 ], "texture": "#texture", "tintindex": 0 },
				"east": { "uv": [ 11, 9.5, 12, 10.5 ], "texture": "#texture", "tintindex": 0 }
			}
		},
		{
			"__comment": "Element",
			"from": [ 4.5, 11.375, 6.5 ],
			"to": [ 12, 11.875, 9.5 ],
			"faces": {
				"down": { "uv": [ 9.5, 5, 0, 4 ], "texture": "#wheel" },
				"up": { "uv": [ 6.5, 4, 16, 5 ], "texture": "#wheel" },
				"north": { "uv": [ 0, 9.5, 9.5, 10.5 ], "texture": "#wheel" },
				"south": { "uv": [ 6.5, 9.5, 16, 10.5 ], "texture": "#wheel" },
				"west": { "uv": [ 4, 9.5, 5, 10.5 ], "texture": "#wheel" },
				"east": { "uv": [ 11, 9.5, 12, 10.5 ], "texture": "#wheel" }
			}
		},
		{
			"__comment": "Element",
			"from": [ 2, 12.5, 6.5 ],
			"to": [ 5, 13, 9.5 ],
			"rotation": { "origin": [ 2, 13, 6.5 ], "axis": "z", "angle": -22.5 },
			"faces": {
				"down": { "uv": [ 9.5, 5, 0, 4 ], "texture": "#texture", "tintindex": 0 },
				"up": { "uv": [ 6.5, 4, 16, 5 ], "texture": "#texture", "tintindex": 0 },
				"north": { "uv": [ 0, 9.5, 9.5, 10.5 ], "texture": "#texture", "tintindex": 0 },
				"south": { "uv": [ 6.5, 9.5, 16, 10.5 ], "texture": "#texture", "tintindex": 0 },
				"west": { "uv": [ 4, 9.5, 5, 10.5 ], "texture": "#texture", "tintindex": 0 },
				"east": { "uv": [ 11, 9.5, 12, 10.5 ], "texture": "#texture", "tintindex": 0 }
			}
		},
		{
			"__comment": "Element",
			"from": [ 5.0625, 10.125, 6.5 ],
			"to": [ 12.5625, 11.625, 7 ],
			"rotation": { "origin": [ 5.0625, 11.625, 6.5 ], "axis": "x", "angle": 22.5 },
			"faces": {
				"down": { "uv": [ 9.5, 5, 0, 4 ], "texture": "#wheel" },
				"up": { "uv": [ 6.5, 4, 16, 5 ], "texture": "#wheel" },
				"north": { "uv": [ 0, 9.5, 9.5, 10.5 ], "texture": "#wheel" },
				"south": { "uv": [ 6.5, 9.5, 16, 10.5 ], "texture": "#wheel" },
				"west": { "uv": [ 4, 9.5, 5, 10.5 ], "texture": "#wheel" },
				"east": { "uv": [ 11, 9.5, 12, 10.5 ], "texture": "#wheel" }
			}
		},
		{
			"__comment": "Element",
			"from": [ 4.3125, 10.0625, 9 ],
			"to": [ 11.8125, 11.5625, 9.5 ],
			"rotation": { "origin": [ 4.3125, 11.5625, 9 ], "axis": "x", "angle": -22.5 },
			"faces": {
				"down": { "uv": [ 9.5, 5, 0, 4 ], "texture": "#wheel" },
				"up": { "uv": [ 6.5, 4, 16, 5 ], "texture": "#wheel" },
				"north": { "uv": [ 0, 9.5, 9.5, 10.5 ], "texture": "#wheel" },
				"south": { "uv": [ 6.5, 9.5, 16, 10.5 ], "texture": "#wheel" },
				"west": { "uv": [ 4, 9.5, 5, 10.5 ], "texture": "#wheel" },
				"east": { "uv": [ 11, 9.5, 12, 10.5 ], "texture": "#wheel" }
			}
		},
		{
			"__comment": "Element",
			"from": [ 1.625, 11.4375, 9 ],
			"to": [ 5.625, 12.9375, 9.5 ],
			"rotation": { "origin": [ 1.625, 12.9375, 9 ], "axis": "z", "angle": -22.5 },
			"faces": {
				"down": { "uv": [ 9.5, 5, 0, 4 ], "texture": "#texture", "tintindex": 0 },
				"up": { "uv": [ 6.5, 4, 16, 5 ], "texture": "#texture", "tintindex": 0 },
				"north": { "uv": [ 0, 9.5, 9.5, 10.5 ], "texture": "#texture", "tintindex": 0 },
				"south": { "uv": [ 6.5, 9.5, 16, 10.5 ], "texture": "#texture", "tintindex": 0 },
				"west": { "uv": [ 4, 9.5, 5, 10.5 ], "texture": "#texture", "tintindex": 0 },
				"east": { "uv": [ 11, 9.5, 12, 10.5 ], "texture": "#texture", "tintindex": 0 }
			}
		},
		{
			"__comment": "Element",
			"from": [ 1.9375, 11.25, 6.5 ],
			"to": [ 5.9375, 12.75, 7 ],
			"rotation": { "origin": [ 1.9375, 12.75, 6.5 ], "axis": "z", "angle": -22.5 },
			"faces": {
				"down": { "uv": [ 9.5, 5, 0, 4 ], "texture": "#texture", "tintindex": 0 },
				"up": { "uv": [ 6.5, 4, 16, 5 ], "texture": "#texture", "tintindex": 0 },
				"north": { "uv": [ 0, 9.5, 9.5, 10.5 ], "texture": "#texture", "tintindex": 0 },
				"south": { "uv": [ 6.5, 9.5, 16, 10.5 ], "texture": "#texture", "tintindex": 0 },
				"west": { "uv": [ 4, 9.5, 5, 10.5 ], "texture": "#texture", "tintindex": 0 },
				"east": { "uv": [ 11, 9.5, 12, 10.5 ], "texture": "#texture", "tintindex": 0 }
			}
		},
		{
			"__comment": "Element",
			"from": [ 20, 13, 6.5 ],
			"to": [ 21.5, 13.5, 9.5 ],
			"faces": {
				"down": { "uv": [ 9.5, 5, 0, 4 ], "texture": "#texture", "tintindex": 0 },
				"up": { "uv": [ 6.5, 4, 16, 5 ], "texture": "#texture", "tintindex": 0 },
				"north": { "uv": [ 0, 9.5, 9.5, 10.5 ], "texture": "#texture", "tintindex": 0 },
				"south": { "uv": [ 6.5, 9.5, 16, 10.5 ], "texture": "#texture", "tintindex": 0 },
				"west": { "uv": [ 4, 9.5, 5, 10.5 ], "texture": "#texture", "tintindex": 0 },
				"east": { "uv": [ 11, 9.5, 12, 10.5 ], "texture": "#texture", "tintindex": 0 }
			}
		},
		{
			"__comment": "Element",
			"from": [ 4.5, 6.5, 7 ],
			"to": [ 9, 10, 9 ],
			"faces": {
				"down": { "uv": [ 9.5, 5, 0, 4 ], "texture": "#block" },
				"up": { "uv": [ 6.5, 4, 16, 5 ], "texture": "#block" },
				"north": { "uv": [ 0, 9.5, 9.5, 10.5 ], "texture": "#block" },
				"south": { "uv": [ 6.5, 9.5, 16, 10.5 ], "texture": "#block" },
				"west": { "uv": [ 4, 9.5, 5, 10.5 ], "texture": "#block" },
				"east": { "uv": [ 11, 9.5, 12, 10.5 ], "texture": "#block" }
			}
		},
		{
			"__comment": "Element",
			"from": [ 1, 6, 7 ],
			"to": [ 1.5, 11, 9 ],
			"rotation": { "origin": [ 1, 11, 7 ], "axis": "z", "angle": 45 },
			"faces": {
				"down": { "uv": [ 9.5, 5, 0, 4 ], "texture": "#block" },
				"up": { "uv": [ 6.5, 4, 16, 5 ], "texture": "#block" },
				"north": { "uv": [ 0, 9.5, 9.5, 10.5 ], "texture": "#block" },
				"south": { "uv": [ 6.5, 9.5, 16, 10.5 ], "texture": "#block" },
				"west": { "uv": [ 4, 9.5, 5, 10.5 ], "texture": "#block" },
				"east": { "uv": [ 11, 9.5, 12, 10.5 ], "texture": "#block" }
			}
		},
		{
			"__comment": "Element",
			"from": [ 3.5, 9.5, 7 ],
			"to": [ 5.5, 11, 9 ],
			"rotation": { "origin": [ 3.5, 11, 7 ], "axis": "z", "angle": -45 },
			"faces": {
				"down": { "uv": [ 9.5, 5, 0, 4 ], "texture": "#block" },
				"up": { "uv": [ 6.5, 4, 16, 5 ], "texture": "#block" },
				"north": { "uv": [ 0, 9.5, 9.5, 10.5 ], "texture": "#block" },
				"south": { "uv": [ 6.5, 9.5, 16, 10.5 ], "texture": "#block" },
				"west": { "uv": [ 4, 9.5, 5, 10.5 ], "texture": "#block" },
				"east": { "uv": [ 11, 9.5, 12, 10.5 ], "texture": "#block" }
			}
		},
		{
			"__comment": "Element",
			"from": [ 6, 7.5, 6.5 ],
			"to": [ 7.5, 9, 7 ],
			"faces": {
				"down": { "uv": [ 9.5, 5, 0, 4 ], "texture": "#block" },
				"up": { "uv": [ 6.5, 4, 16, 5 ], "texture": "#block" },
				"north": { "uv": [ 0, 9.5, 9.5, 10.5 ], "texture": "#block" },
				"south": { "uv": [ 6.5, 9.5, 16, 10.5 ], "texture": "#block" },
				"west": { "uv": [ 4, 9.5, 5, 10.5 ], "texture": "#block" },
				"east": { "uv": [ 11, 9.5, 12, 10.5 ], "texture": "#block" }
			}
		},
		{
			"__comment": "Element",
			"from": [ 6, 7.5, 9 ],
			"to": [ 7.5, 9, 9.5 ],
			"faces": {
				"down": { "uv": [ 9.5, 5, 0, 4 ], "texture": "#block" },
				"up": { "uv": [ 6.5, 4, 16, 5 ], "texture": "#block" },
				"north": { "uv": [ 0, 9.5, 9.5, 10.5 ], "texture": "#block" },
				"south": { "uv": [ 6.5, 9.5, 16, 10.5 ], "texture": "#block" },
				"west": { "uv": [ 4, 9.5, 5, 10.5 ], "texture": "#block" },
				"east": { "uv": [ 11, 9.5, 12, 10.5 ], "texture": "#block" }
			}
		},
		{
			"__comment": "Element",
			"from": [ 0.25, 12.5625, 6.75 ],
			"to": [ 0.75, 14.0625, 9.25 ],
			"rotation": { "origin": [ 0.25, 14.0625, 6.75 ], "axis": "z", "angle": -22.5 },
			"faces": {
				"down": { "uv": [ 9.5, 5, 0, 4 ], "texture": "#light" },
				"up": { "uv": [ 6.5, 4, 16, 5 ], "texture": "#light" },
				"north": { "uv": [ 0, 9.5, 9.5, 10.5 ], "texture": "#light" },
				"south": { "uv": [ 6.5, 9.5, 16, 10.5 ], "texture": "#light" },
				"west": { "uv": [ 4, 9.5, 5, 10.5 ], "texture": "#light" },
				"east": { "uv": [ 11, 9.5, 12, 10.5 ], "texture": "#light" }
			}
		}
	],
	"display": {
		"head": {
			"rotation":  [ 0, -90, 0 ],
			"translation":  [ 0, -20, 0 ],
			"scale":  [ 3, 3, 3 ]
		}
	}
}