{
    "parent": "item/generated",
    "textures": {
        "layer0": "item/leather_chestplate",
        "layer1": "item/leather_chestplate_overlay"
    },
	"overrides": [
		{ "predicate": {"damaged": 0, "damage": 0}, "model": "item/leather_chestplate"},
		{ "predicate": {"damaged": 0, "damage": 0.0125}, "model": "item/cars/wheel"},
		{ "predicate": {"damaged": 0, "damage": 0.025}, "model": "item/cars/jerrycan"},
		{ "predicate": {"damaged": 1, "damage": 0}, "model": "item/leather_chestplate"}
	]
}