{
    "parent": "item/generated",
    "textures": {
        "layer0": "item/leather_boots",
        "layer1": "item/leather_boots_overlay"
    },
"overrides": [
		{ "predicate": {"damaged": 0, "damage": 0.015151515151515152}, "model": "item/cars/car"},
		{ "predicate": {"damaged": 0, "damage": 0.030303030303030304}, "model": "item/cars/bike"},
		{ "predicate": {"damaged": 0, "damage": 0.045454545454545456}, "model": "item/cars/plane"},
		{ "predicate": {"damaged": 0, "damage": 0.06060606060606061}, "model": "item/cars/hovercraft"},
		{ "predicate": {"damaged": 0, "damage": 0.07575757575757576}, "model": "item/cars/boat"},
		{ "predicate": {"damaged": 0, "damage": 0.09090909090909091}, "model": "item/cars/helicopter"},
		{ "predicate": {"damaged": 0, "damage": 0.10606060606060606}, "model": "item/cars/helicopter_rotor"},
		{ "predicate": {"damaged": 0, "damage": 0.12121212121212122}, "model": "item/cars/tank_base"},
		{ "predicate": {"damaged": 0, "damage": 0.13636363636363635}, "model": "item/cars/tank_turret"}
	]
}